1191,1368
abl,97
abov,92
absolv,51
acc,42
acceiv,86
access,105
accord,44
account,139
achiev,43
acquir,41
acquisit,23
acrob,35
across,13
act,146
addit,92
address,224
admin,23
adob,44
adv,158
advert,118
affect,14
afford,60
affy,54
afraid,22
aft,134
aggress,14
ago,19
agr,43
agree,20
aim,34
air,59
airport,11
alert,23
allow,87
almost,26
alon,22
along,28
already,64
altern,29
although,18
alway,53
americ,26
among,54
amount,101
analys,23
analyst,14
annount,61
anoth,50
answ,38
anticip,38
anybody,18
anyon,58
anyth,38
anytim,19
anywh,26
aol,12
apolog,33
appear,18
appl,16
apply,85
apprecy,21
approach,13
approv,83
approxim,14
area,15
around,47
art,30
ask,64
ass,42
asset,28
assist,72
assocy,47
assum,36
attach,17
attempt,24
attorney,17
attract,32
audit,32
auth,73
autom,69
avail,177
avoid,26
award,15
away,82
back,88
bad,26
bal,16
bank,85
bankruptcy,24
bar,13
barry,35
bas,123
beauty,16
becam,11
becaus,137
becom,86
bed,38
bef,94
begin,27
behalf,15
behind,17
believ,97
benefit,71
best,302
bet,71
big,67
biggest,23
bil,79
bit,57
blank,20
block,17
board,31
body,22
bon,41
book,43
bottom,21
bought,19
bound,12
box,49
brand,39
break,53
bring,52
brok,57
broth,11
brows,48
budget,38
build,80
built,17
bulk,40
burn,19
busy,330
button,21
buy,145
cal,135
calc,16
californ,16
cam,25
campaign,20
canad,22
cap,34
capit,43
car,100
card,55
carry,23
cas,39
cash,75
categ,17
caus,61
cds,13
cel,15
cent,69
ceo,25
cert,11
certain,59
chain,12
challeng,12
chang,143
chant,38
charg,44
charset,68
chart,11
chat,11
cheap,49
check,108
chem,12
chin,24
cho,37
choos,48
circ,24
city,54
claim,50
class,40
cle,12
clear,58
cli,47
click,336
clos,46
cod,51
col,27
collab,30
collect,44
colleg,13
combin,30
comfort,14
commerc,38
commit,74
common,22
commun,88
comp,35
company,258
compens,49
compet,14
competit,94
complet,121
comply,55
comprehend,19
comput,60
conceiv,12
concern,27
conclud,19
condit,33
conduc,13
conf,13
confid,89
confirm,37
conflict,27
congrat,19
congress,11
connect,35
consid,70
consist,22
consolid,15
const,14
constitut,33
construct,12
consult,47
consum,37
cont,95
contact,157
contain,73
continu,56
contract,56
contribut,12
control,68
conv,13
conveny,44
convert,11
coo,18
coop,23
cop,67
copyright,21
cor,11
corp,83
correct,20
correspond,20
cost,104
count,19
country,142
coupl,17
cours,34
cov,40
cre,203
credit,94
crit,12
cum,18
cur,144
custom,226
cut,22
dai,40
dat,125
databas,48
day,275
dea,37
deal,90
dear,104
debt,34
dec,11
decid,91
ded,19
deem,12
definit,25
del,80
delet,34
delivery,56
demand,38
depart,29
depend,20
deposit,41
describ,24
design,145
desir,21
detail,102
detect,15
determin,18
develop,79
didn,31
diff,73
digit,21
dilig,15
direct,129
disclos,21
discount,52
discov,33
discovery,17
discuss,46
disk,12
dissemin,14
distinct,32
distribut,45
divers,16
doct,14
docu,23
doe,135
doesn,29
doll,105
domain,17
don,250
door,16
doubl,27
doubt,13
download,60
draft,26
dram,43
draw,50
drawn,13
driv,46
drop,16
due,67
dur,44
dynam,26
ear,29
earn,68
easy,145
econom,43
edg,16
edit,53
educ,24
effect,159
efficy,18
effort,104
eith,36
elect,14
electron,16
elig,11
elimin,17
els,21
email,310
emerg,31
employ,46
enco,16
encod,37
end,78
energy,26
eng,11
engin,78
enh,42
enjoy,25
enough,49
ens,33
ent,88
enterpr,13
entir,33
entry,13
environ,16
equ,38
equip,29
espec,19
ess,25
est,70
estim,42
etc,38
europ,21
evalu,13
every,83
everyon,28
everyth,42
exact,36
exampl,56
exceiv,25
excel,29
excess,32
exchang,48
excit,41
exclud,43
execut,30
exerc,21
expand,43
expect,69
expend,12
expens,32
expert,33
expery,65
expir,25
expl,24
expos,14
express,51
extend,41
extr,54
extract,18
extrem,28
fac,23
facil,16
fact,105
fail,78
fair,13
fal,22
famy,58
far,27
fast,134
fat,28
fath,11
fav,22
fax,46
fear,17
feat,82
fed,27
fee,72
feel,76
field,27
fig,12
fil,141
fin,160
find,145
firm,20
first,114
fit,31
fiv,43
fix,30
flo,15
flow,15
foc,29
focus,21
follow,160
food,12
foot,11
forc,18
foreign,38
forget,19
form,222
formul,18
fortun,29
forward,95
found,79
four,31
fre,244
fresh,64
friend,67
front,59
ful,144
fun,15
fund,79
furth,99
fut,210
gain,52
gam,16
gap,31
gas,19
gath,25
gem,14
gen,131
get,363
gift,26
giv,164
glob,30
goal,43
goe,12
going,65
gold,20
gon,15
good,185
got,48
govern,53
grand,12
grant,12
graph,69
gre,163
greet,11
group,73
grow,85
guar,65
guarantee,95
guid,25
guidelin,11
guy,12
half,20
hand,98
handl,37
hap,39
happy,41
hard,62
hardw,17
hav,645
head,37
heal,41
hear,43
heard,15
heavy,12
held,20
hello,139
help,171
hent,15
hey,13
high,136
highest,15
hist,49
hit,27
hold,35
hom,149
hon,25
honest,12
hop,42
host,39
hot,124
hotmail,15
hour,113
hous,41
howev,41
htm,16
html,61
http,389
hug,59
hum,19
ide,22
idea,18
ident,46
ign,23
illust,11
imagin,46
immedy,121
impact,20
import,101
imposs,14
impress,34
improv,80
includ,191
incom,48
inconveny,19
increas,140
ind,66
independ,53
index,11
individ,48
industry,70
info,102
inform,360
init,24
innov,20
ins,58
insid,17
inst,61
instal,27
instead,50
institut,18
instruct,45
int,95
integr,28
intend,52
interact,11
interest,296
intern,59
internet,122
introduc,53
invest,151
investig,23
invit,25
involv,71
isn,15
iso,43
issu,51
item,48
job,24
john,14
join,45
joint,16
jon,16
judg,15
jul,53
july,43
jump,15
jun,46
keep,92
kept,18
key,49
kind,80
know,189
knowledg,27
known,31
lab,12
lack,13
lak,13
land,22
langu,33
larg,54
largest,22
last,102
lat,53
latest,47
launch,18
law,40
lead,94
learn,90
least,35
leav,20
left,29
leg,93
lend,38
less,62
level,39
liabl,13
licens,28
lif,237
light,17
lik,280
limit,96
lin,130
link,117
list,300
littl,46
liv,74
llc,26
loan,54
loc,105
log,27
logo,109
long,117
look,233
los,72
loss,39
lost,36
lot,70
lov,95
low,162
lst,11
ltd,15
luck,14
machin,25
mad,162
magazin,12
mail,388
mailbox,26
mailm,34
main,13
maintain,32
maj,64
mak,307
man,251
manufact,35
many,148
march,14
mark,18
market,216
mary,12
mass,26
mast,13
mat,125
match,14
max,28
maxim,20
mayb,24
mean,107
meas,24
med,141
meet,64
memb,81
ment,34
mer,11
mess,266
met,20
method,33
michael,13
microsoft,18
might,81
mil,126
mim,35
min,44
mind,48
minim,24
minut,89
miss,27
mistak,14
mix,36
mobl,19
mod,28
model,14
mom,23
mon,106
money,280
monit,15
month,89
mor,400
morn,39
mortg,46
mot,51
moth,12
mov,67
movy,23
much,117
mult,34
multipl,31
must,119
nam,166
nat,134
near,44
necess,59
nee,273
neg,13
negoty,22
neith,13
net,188
network,44
nev,106
new,339
newslet,49
next,85
nic,72
night,13
nin,20
nobody,11
non,66
norm,52
noth,55
num,21
numb,131
object,38
oblig,35
obtain,28
occ,30
oft,16
oil,31
old,47
onlin,193
ont,73
onto,11
opin,28
opportun,102
oppos,11
opt,95
optim,15
ord,261
org,116
origin,81
otc,14
oth,238
otherw,37
ourselv,20
outsid,15
outstand,49
pack,99
pag,49
paid,79
panel,11
pap,17
par,16
part,96
particip,31
particul,22
partn,91
party,77
pass,33
password,12
past,70
path,41
paty,15
pay,121
pen,18
pend,12
peopl,156
per,118
perc,32
perfect,77
perform,57
period,22
perm,65
permit,17
person,124
pertain,18
phon,101
photo,17
phys,18
pic,12
pick,32
pict,27
plac,94
plan,75
platform,19
play,44
pleas,388
plu,30
point,49
policy,29
polit,16
poor,15
pop,20
popul,31
port,29
portfolio,42
posit,143
poss,70
possess,13
post,51
pot,71
pow,92
pract,39
pre,32
predict,38
pref,15
prem,29
premy,37
prep,30
pres,99
presid,36
press,55
prev,19
prevy,33
pri,69
pric,271
prim,27
print,34
priv,109
pro,78
prob,19
problem,57
proc,18
process,95
produc,228
profess,168
profil,37
profit,72
program,125
prohibit,16
project,54
prom,44
promot,62
prompt,46
prop,22
property,37
propos,33
prospect,20
protect,62
proud,11
prov,88
provid,230
publ,86
pur,11
purchas,60
purpos,46
put,58
qual,95
quest,66
quick,95
quit,22
quot,37
rac,21
rad,11
rais,21
rang,32
rank,22
rapid,16
rat,122
rath,17
raw,17
reach,53
read,92
ready,131
real,193
reason,67
rec,62
receipt,23
receiv,328
recipy,50
recommend,30
record,55
reduc,31
ref,43
refin,43
reflect,32
reform,20
refus,13
reg,102
regard,170
regardless,11
regul,15
rel,84
releas,52
relev,12
rely,44
remain,28
remark,11
rememb,75
remot,22
remov,234
rep,13
repair,13
replac,14
reply,141
report,98
repres,51
request,95
requir,115
research,39
reserv,44
resid,24
resourc,49
respect,47
respond,32
respons,66
rest,32
result,140
retail,30
return,111
rev,16
revenu,62
review,54
revolv,21
reward,14
rich,33
right,197
ris,11
risk,88
road,19
rob,15
rol,19
rom,16
room,14
rul,20
run,38
saf,72
said,50
sal,125
sam,66
sampl,46
san,16
satisfact,63
satisfy,30
sav,230
say,84
school,17
sci,12
search,103
sec,206
second,85
secret,52
sect,56
see,267
seek,62
seem,25
seen,28
seg,13
sel,97
select,50
self,24
send,196
sens,24
sent,129
seny,21
sep,11
septemb,11
ser,11
serv,201
sery,43
sess,19
set,63
sev,83
shal,34
shar,87
sharehold,35
sheet,15
ship,86
shop,91
short,60
show,63
sid,18
sign,74
simil,25
simpl,54
simply,93
singl,21
sint,124
sir,30
sit,306
situ,35
six,33
siz,52
smal,56
smtp,36
soc,13
soft,40
softw,200
sol,17
sold,29
solicit,68
solv,51
som,141
someon,38
someth,36
sometim,34
son,18
soon,55
sorry,39
sou,18
sound,17
sourc,57
spac,25
span,28
speak,20
spec,219
spee,19
spend,29
spent,39
spons,51
staff,17
stag,22
stand,73
standard,53
star,23
start,216
stat,214
stay,25
ste,17
step,47
stil,58
stock,73
stop,75
stor,37
story,17
strategic,16
strategies,14
stream,36
street,30
strength,12
strictly,15
strong,40
strongly,19
structure,30
stud,13
study,14
styl,21
subject:,1368
submit,63
subscrib,88
subsidy,26
subst,17
success,151
suff,11
suggest,18
suit,96
sum,45
supery,13
supply,47
support,82
sur,79
surpr,21
survey,18
symbol,28
system,135
tab,11
tag,15
tak,224
tal,12
talk,31
target,61
task,31
tax,45
teach,17
team,45
techn,23
technolog,67
tel,57
telephon,34
temp,16
ten,26
ter,16
term,76
test,32
text,57
thank,136
themselv,12
ther,158
theref,27
thes,204
thi,680
thing,130
think,105
third,55
thos,92
though,23
thought,37
thousand,104
three,88
thu,16
ticket,13
tim,327
tip,22
titl,36
today,172
togeth,30
tol,19
told,15
tomorrow,11
ton,16
took,20
tool,65
top,86
tot,134
toward,14
trac,11
track,35
trad,68
traff,15
train,32
transact,77
transcrib,17
transf,76
transfer,14
transmit,24
transport,13
travel,36
tre,27
tremend,16
trend,14
tri,64
tru,57
trust,40
try,51
tue,50
tuesday,15
turn,49
two,79
typ,91
ultim,19
uncertainty,33
und,122
understand,51
understood,20
unit,72
univers,17
unknown,37
unless,12
unsubscrib,88
upd,44
upon,49
urg,46
url,23
util,24
vac,22
valid,25
valu,95
vary,73
vend,12
vent,28
ver,52
vert,114
via,35
video,31
view,57
virt,24
vis,89
visit,198
vit,11
voic,14
volum,19
wait,78
wal,15
walk,19
want,274
war,28
washington,12
wasn,23
wat,17
watch,77
way,230
web,149
websit,234
week,132
weight,19
wel,102
welcom,76
wer,88
west,19
wher,106
wheth,17
whil,101
whit,14
whol,29
whos,11
wid,28
wif,26
wil,525
win,37
window,53
wish,162
within,173
without,146
won,31
wond,24
wor,50
word,77
work,208
world,122
worldwid,92
worry,22
writ,68
wrong,19
www,238
yahoo,45
year,162
yet,61
york,14
young,19
zip,12
zon,13
