1467,4360
ability,86
able,423
absolutely,21
accept,67
acceptable,37
acceptance,22
accepted,49
access,345
according,65
account,123
accounting,79
accounts,45
accuracy,28
achieve,31
acquire,17
acquisition,25
acrobat,13
across,105
act,84
action,83
actions,24
active,32
activities,92
activity,34
actual,77
actually,98
add,124
added,84
addition,167
additional,301
address,369
addresses,53
adobe,12
advanced,51
advantage,56
advertise,21
advertising,20
advice,48
advised,27
advisor,29
afraid,23
agencies,21
agency,24
agent,11
aggressive,17
ago,144
agreed,99
agreement,134
aim,16
air,40
alert,23
allow,155
allowed,38
allows,58
almost,74
alone,37
along,187
already,317
alternative,76
although,124
always,134
america,205
american,111
among,102
amount,104
amounts,15
analysis,302
announce,56
announced,39
announces,16
annual,104
another,312
answer,125
answers,24
anticipate,30
anticipated,21
anybody,20
anyone,136
anything,186
anytime,16
anywhere,30
aol,120
apologies,27
apologize,82
application,168
applications,110
apply,51
appreciate,324
approval,169
approved,74
approximately,75
area,229
areas,109
around,223
art,31
asia,21
ask,311
asked,261
assets,80
assist,86
assistance,123
associate,214
associates,128
assumptions,47
assurance,12
attention,86
attorney,11
attract,18
attractive,19
authorized,24
automated,16
automatically,41
availability,99
available,574
average,79
avoid,49
aware,72
away,100
back,540
bad,36
balance,26
bank,79
banking,37
bankruptcy,27
barry,24
base,88
based,341
basic,67
basis,156
became,27
become,111
begin,146
behalf,73
behind,42
believe,238
believed,13
believes,18
benefit,82
benefits,65
best,715
better,254
big,93
bigger,13
biggest,27
bill,120
billion,59
bills,16
bit,113
blank,19
board,87
body,20
bonus,49
book,236
books,72
bottom,42
bought,18
box,151
brand,11
break,70
bring,218
browser,21
budget,54
build,65
building,139
built,29
bulk,16
business,649
businesses,61
button,35
buy,131
buyers,26
buying,34
california,130
call,837
called,133
calls,28
came,82
campaign,15
canada,55
cap,30
capital,160
car,40
card,54
cards,12
care,85
career,76
careful,14
carefully,22
case,301
cash,52
cause,43
cds,16
cell,131
center,191
central,73
cents,15
ceo,54
certain,73
chance,123
change,212
changed,80
changes,252
charge,110
charset,15
cheap,13
check,226
china,11
choice,59
choose,49
city,71
claim,14
claims,14
class,127
clear,83
click,146
clicking,14
client,64
clients,58
close,120
code,110
collaboration,33
collect,11
collection,16
college,67
color,14
combined,30
come,336
comes,62
coming,192
commercial,113
commission,37
commitment,63
committed,40
common,79
communication,90
communications,188
community,37
companies,186
company,446
compare,31
compared,39
compensation,40
competitive,62
competitors,24
complete,184
completed,152
completely,41
compliance,31
comprehensive,26
computer,139
concern,38
conclusion,23
conditions,48
confidence,28
confident,20
confidential,157
confidentiality,40
confirm,150
confirmation,91
conflict,18
congratulations,63
connection,18
consider,106
considered,54
constant,14
consultation,11
consulting,76
consumer,19
consumers,39
contact,779
contacts,52
contained,52
contains,63
content,78
continue,189
contract,176
contracts,121
control,106
convenience,118
convenient,77
cooperation,32
copy,350
copyright,42
corp,764
corporate,192
corporation,59
cost,246
costs,100
count,29
countries,16
country,52
couple,142
course,239
cover,142
coverage,34
create,138
created,80
creating,42
creative,17
credit,269
current,307
currently,332
custom,16
customer,121
customers,111
cutting,18
daily,111
data,389
database,106
databases,21
date,494
day,592
days,341
deal,183
deals,82
dear,639
debt,50
decide,77
decided,75
deciding,13
decision,177
dedicated,35
definitely,44
delete,41
deliver,69
delivered,38
delivery,91
demand,88
department,377
deposit,12
design,90
designated,21
designed,60
desire,27
detailed,75
details,297
develop,150
developed,116
developing,124
development,382
didn,81
difference,78
different,257
digital,23
diligence,12
direct,150
directly,171
director,365
directory,62
discount,56
discuss,423
discussions,133
distribute,30
distribution,110
documents,84
doesn,61
dollar,19
dollars,32
domain,22
don,370
done,228
door,21
double,43
doubt,18
download,60
dramatically,23
drawn,13
drive,89
due,249
dynamic,40
early,192
earn,11
earnings,15
easier,43
easily,48
easy,61
economic,77
economy,50
edge,21
edition,29
education,63
effect,65
effective,95
effects,17
efficient,65
effort,163
efforts,134
either,252
electronic,131
elements,17
else,185
email,755
emails,39
emerging,39
employees,144
employment,37
enable,32
encoding,11
end,337
energy,698
engine,17
engineering,187
enhance,24
enjoy,48
enough,85
ensure,87
enter,66
entered,30
entire,62
equipment,56
equity,72
error,84
errors,14
especially,98
essential,23
est,30
established,30
estimate,41
estimates,32
etc,294
europe,146
even,176
event,180
events,102
ever,44
every,145
everyone,190
everything,89
exactly,50
example,120
examples,46
excellent,82
exchange,85
exciting,54
exclusive,15
exercise,35
existing,94
expand,30
expanding,11
expect,112
expectations,27
expected,117
expenses,45
expensive,36
experience,230
experienced,23
expert,33
expertise,60
experts,38
exposure,65
express,49
expressed,65
extended,32
extra,42
extremely,61
face,26
facilities,49
fact,124
factor,70
factors,81
failed,21
failure,23
fall,85
family,81
far,166
fast,63
faster,20
fax,643
feature,25
features,58
federal,44
fee,52
feel,370
feeling,15
fees,19
field,99
file,265
files,106
fill,49
final,163
finally,73
finance,430
financial,357
financially,11
find,500
finding,41
firm,143
first,493
fit,123
five,56
fixed,72
focus,119
focused,54
follow,231
following,665
follows,131
food,17
force,27
foreign,33
forget,21
form,230
format,65
forms,52
formula,24
forward,921
found,134
foundation,16
four,84
free,442
fresh,16
friend,78
friends,68
front,72
full,247
fully,54
fun,27
fund,51
funds,42
future,283
gain,40
gas,327
general,162
generate,26
generated,31
generating,39
generation,98
generic,17
get,967
gets,49
getting,228
gift,11
give,560
given,329
gives,44
giving,98
global,187
goal,35
goals,61
goes,68
going,375
gold,32
gone,48
good,676
got,191
government,63
graphics,12
great,447
greater,45
group,1164
grow,22
growing,22
growth,58
guarantee,37
guaranteed,14
guarantees,19
guide,45
guidelines,21
half,68
hand,67
handle,42
handling,25
hands,27
happen,70
happening,12
happy,289
hard,134
hardware,25
haven,98
head,139
health,20
hear,151
heard,113
hearing,205
heavy,23
held,162
hello,264
help,699
helping,69
hence,41
high,181
higher,98
highest,30
highly,96
historical,104
history,46
hit,36
hold,70
holding,31
home,289
honor,23
hope,578
host,42
hot,31
hotmail,32
hour,125
hours,97
house,82
however,380
htm,78
html,134
http,579
huge,28
human,54
idea,158
ideas,126
identified,56
identify,77
iii,35
image,33
immediate,47
immediately,175
impact,97
importance,38
important,249
impossible,17
impression,41
improve,55
improved,46
improvement,26
inc,144
include,274
included,130
includes,82
including,248
income,46
inconvenience,19
increase,83
increased,38
increases,22
increasing,35
independent,59
index,50
indicate,37
indicating,11
individual,119
individuals,75
industries,50
industry,249
info,196
inform,86
information,909
initial,75
innovative,28
install,29
instant,14
instead,60
instructions,41
insurance,70
intend,28
intended,98
intent,15
interest,377
interested,456
interesting,153
interests,49
international,146
internet,202
introduce,56
introducing,35
investment,127
investments,48
investor,25
investors,16
invite,184
involve,32
involved,153
involves,24
isn,16
iso,32
issue,239
issued,32
items,74
job,204
john,415
join,218
joint,42
jones,140
july,218
june,193
keep,214
keeping,41
kept,15
key,175
kind,179
kindly,51
know,1531
knowledge,105
known,31
knows,30
lack,41
lake,17
land,20
large,125
larger,24
largest,51
last,624
late,111
later,199
latest,131
launched,23
law,41
lead,108
leader,36
leading,83
leads,39
learn,84
least,112
leave,138
left,143
legal,97
lenders,12
less,122
lets,14
letter,126
level,202
license,59
life,62
light,53
like,1260
likely,106
limit,38
limited,106
line,187
link,117
links,52
list,399
listed,150
lists,31
little,120
live,51
lives,15
living,30
llc,19
loan,26
local,53
located,90
location,178
log,55
logo,12
long,300
longer,124
look,785
looking,363
los,19
lose,18
loss,48
lost,36
lot,209
love,42
low,39
lower,50
lst,75
ltd,26
luck,32
machine,29
made,288
mail,778
mailbox,17
mailer,28
mailing,63
mailman,15
mails,21
major,101
majority,14
make,710
makes,125
making,184
man,22
manage,74
management,694
manager,264
managing,259
manner,27
manual,19
manufacturing,14
many,453
march,245
market,490
marketing,98
markets,344
mary,48
master,19
material,81
materials,69
matter,97
max,19
maximum,28
maybe,111
mean,121
meaning,12
means,86
measure,55
media,29
meet,380
member,101
members,199
membership,24
mentioned,216
message,823
messages,69
method,50
methods,66
michael,186
microsoft,21
might,363
million,71
millions,13
mime,29
mind,139
minimum,32
minute,39
minutes,115
mobile,34
moment,54
mon,36
money,87
month,196
monthly,66
months,199
morning,447
mother,12
motion,12
move,198
moving,119
much,547
multi,42
multiple,65
must,165
name,400
names,86
national,65
natural,130
nature,38
near,78
nearly,20
necessary,129
need,965
needed,132
needs,220
negative,31
neither,37
net,143
network,124
never,67
new,832
news,126
newsletter,69
newsletters,14
next,686
nice,102
nobody,16
non,137
none,31
normal,47
north,234
note,310
nothing,33
notice,81
noticed,20
notification,30
number,540
numbers,155
numerous,28
objectives,42
obtain,81
obtained,28
occur,30
offer,248
offered,66
offering,51
offers,71
office,567
officer,48
official,90
often,27
oil,110
old,76
online,121
onto,39
open,209
opening,41
operate,18
operating,84
operation,49
operations,153
opinion,49
opinions,37
opportunities,187
opportunity,354
options,323
order,300
ordered,34
ordering,17
orders,27
org,63
organization,139
original,432
otc,17
others,131
otherwise,103
outside,103
outstanding,39
owned,35
ownership,16
package,81
page,163
pages,43
paid,50
paper,212
part,328
participate,153
particular,112
parties,42
partner,31
partners,53
partnership,11
parts,30
party,63
pass,93
passed,51
password,101
past,139
paste,11
path,54
pay,142
paying,24
payment,61
payments,37
people,427
per,199
percent,23
perfect,33
performance,133
period,153
permanent,31
permission,28
person,307
personal,90
personally,31
phone,586
physical,67
pick,46
place,262
placed,60
places,12
plan,265
planning,146
plans,97
platform,26
play,37
player,14
please,2459
pleased,100
pleasure,85
plus,89
point,208
policy,91
poor,19
popular,13
portfolio,110
position,312
positions,155
positive,71
possible,422
post,60
potential,146
power,507
powerful,21
pre,70
premier,15
premium,31
prepare,56
present,170
presentation,385
presented,67
presently,18
president,215
press,53
previous,130
previously,40
price,419
prices,247
pricing,275
primary,58
print,61
prior,133
priority,40
private,97
pro,17
probably,223
problem,290
problems,171
process,409
processed,14
processing,35
produce,46
produced,34
product,156
production,67
products,202
professional,67
professionals,31
profile,54
profit,43
profits,12
program,414
programs,78
project,419
projections,11
projects,195
promise,18
promote,20
promotion,63
promotions,16
prompt,66
proper,20
property,29
proposal,88
proposed,104
prospects,12
protect,15
protection,19
prove,18
proven,17
provide,407
provided,112
provider,25
provides,87
providing,107
public,127
publication,55
publishing,19
purchase,93
purchased,24
purpose,72
purposes,41
put,269
qualified,29
quality,75
question,164
questions,697
quick,100
quickly,81
quite,151
quote,20
rac,105
raise,26
range,80
rapidly,25
rate,152
rates,90
rather,117
raw,11
reach,83
reached,56
read,170
reading,60
ready,112
real,229
reality,19
realize,45
really,267
reason,77
reasons,51
receipt,48
receive,210
received,375
receiving,74
recent,163
recently,143
recipient,56
recommendation,64
record,35
records,21
reduce,43
reference,99
reflect,43
reform,11
regarding,510
regardless,22
regards,950
register,65
registered,29
registration,77
regular,66
related,238
relating,30
relationship,93
release,57
reliable,18
reliance,22
remain,60
remember,101
remote,21
remove,36
removed,32
reply,173
report,186
reports,91
represent,39
representation,13
representative,55
request,399
requested,205
requesting,34
requests,79
require,88
required,146
requirements,114
requires,80
research,1168
reserve,81
reserved,52
resource,121
resources,194
respect,46
respond,247
response,190
responsibility,121
rest,91
result,111
resulting,16
results,201
retail,59
return,188
returned,39
returning,33
returns,41
revenue,50
revenues,12
review,421
reviews,29
rich,11
right,276
rights,28
risk,676
risks,73
road,32
rob,24
rules,39
run,186
safe,22
said,169
sale,41
sales,77
sample,24
san,66
save,45
savings,11
say,137
saying,25
school,378
search,51
second,161
section,67
sector,51
sectors,18
secure,64
securities,33
security,91
see,812
seek,24
seeking,28
seem,50
seen,51
select,83
selected,73
self,38
sell,64
selling,46
send,628
sender,61
sending,187
senior,147
sent,706
september,124
serious,35
serve,58
server,33
service,169
services,333
session,101
set,386
seven,17
several,271
shall,562
share,101
sharing,29
ship,18
shipping,21
shopping,11
short,221
show,107
shows,40
side,126
sign,91
signed,75
significant,138
similar,100
simple,50
simply,62
since,340
sincerely,319
single,89
sir,21
site,222
sites,28
sitting,11
situation,77
six,60
size,59
small,101
smtp,37
social,25
soft,25
software,173
sold,38
solely,33
solution,64
solutions,68
someone,160
something,184
sometimes,29
son,26
soon,401
sorry,257
sounds,61
source,75
sources,70
south,45
space,71
special,136
specific,197
speed,55
spend,70
spending,27
spent,54
sponsored,32
staff,124
stand,46
standard,129
star,18
start,241
started,74
starting,97
state,147
stated,50
statement,34
statements,18
states,90
status,156
stay,129
ste,24
step,70
steps,54
still,373
stock,64
stocks,15
stop,65
store,16
story,35
strategic,72
strategies,45
stream,19
street,199
strength,12
strictly,47
strong,92
strongly,33
structure,128
submit,74
submitting,14
subscription,52
subsidiaries,29
subsidiary,25
substantial,23
success,131
successful,98
successfully,23
suite,51
sum,19
summer,255
superior,16
supplies,22
supply,113
support,375
sure,346
system,343
systems,179
take,583
taken,69
takes,61
taking,197
talk,433
talking,174
target,30
task,36
tax,58
team,446
technical,226
technologies,42
technology,183
tel,199
telephone,168
tell,137
ten,31
term,230
terms,130
test,91
text,58
thank,813
thanks,1783
therefore,128
thing,67
things,227
think,650
thinking,90
thinks,18
third,79
though,83
thought,143
thousands,15
three,191
thus,50
time,1345
times,180
timing,49
title,107
titles,13
today,437
together,316
told,165
tomorrow,234
took,75
tool,58
tools,93
top,103
total,125
totally,16
towards,50
track,50
trade,141
traded,34
trading,444
traffic,32
training,133
transaction,74
transactions,65
transfer,81
transmission,90
transportation,56
travel,85
tremendous,16
trends,20
tried,42
true,55
truly,37
trust,34
try,254
trying,165
tue,37
tuesday,300
turn,39
two,573
type,220
types,49
understand,217
understands,17
understood,65
unique,38
united,52
unknown,11
unless,76
unsubscribe,38
update,230
updated,104
updates,33
upon,154
urgent,41
url,47
usa,50
use,539
used,251
user,116
users,87
uses,51
using,312
vacation,111
valid,24
valuable,57
value,267
valued,16
variety,35
various,108
vendor,21
venture,24
ventures,16
verify,32
version,228
versions,15
via,192
video,60
view,143
virtually,13
visa,35
vision,25
visit,362
visited,33
visiting,74
visual,21
voice,135
volume,49
wait,76
waiting,42
wall,20
want,521
wanted,234
washington,45
wasn,19
watch,23
water,22
way,391
ways,71
web,300
website,134
week,779
weekly,57
weeks,276
welcome,119
well,704
west,73
whether,205
white,37
whole,79
whose,30
wide,76
wife,32
wil,11
willing,93
win,26
windows,36
wish,122
within,313
without,161
won,56
word,96
words,36
work,861
worked,115
working,560
works,151
world,160
worldwide,33
worry,13
worth,68
write,123
writing,125
wrong,34
www,484
yahoo,54
year,547
years,316
yes,147
yet,188
york,110
young,36
zip,31
