1057,3486
abl,407
absolv,21
acc,73
acceiv,130
access,295
accord,78
account,174
achiev,48
acquir,33
acquisit,27
acrob,11
across,87
act,387
addit,371
address,386
admin,166
adob,11
adv,397
advert,35
affect,29
affy,18
afraid,21
aggress,13
ago,113
agr,211
agree,77
aim,28
air,34
alert,25
allow,196
almost,61
alon,31
along,148
already,258
altern,128
although,97
alway,112
americ,160
among,83
amount,92
analys,277
analyst,157
annount,149
anoth,260
answ,127
anticip,44
anybody,17
anyon,111
anyth,152
anytim,14
anywh,22
aol,93
apolog,86
appear,98
apply,303
apprecy,364
approv,192
approxim,75
are,177
area,85
around,173
art,30
ask,486
ass,35
asset,121
assist,314
assocy,314
assum,159
attach,677
attempt,40
attorney,12
attract,37
audit,24
auth,120
autom,68
avail,507
avoid,45
award,19
away,88
back,440
bad,30
bal,56
bank,99
bankruptcy,17
barry,30
bas,459
becaus,253
becom,118
bed,12
begin,208
behalf,55
behind,36
believ,217
benefit,112
best,582
bet,214
big,83
biggest,18
bil,161
bit,104
blank,14
block,24
board,77
body,24
bon,45
book,239
bottom,31
bought,12
box,134
brand,13
break,63
bring,208
brok,20
brows,20
budget,46
build,148
built,24
bulk,14
burn,22
busy,587
button,30
buy,143
cal,780
calc,128
californ,99
cam,74
campaign,16
canad,47
cap,105
capit,136
car,223
card,46
carry,39
cas,286
cash,42
categ,36
caus,47
cel,104
cent,247
ceo,43
certain,116
chang,391
chant,107
charg,124
charset,11
chart,46
cheap,17
check,219
cho,58
choos,47
circ,22
city,58
claim,28
class,128
clear,125
cli,86
click,119
clos,211
cod,101
col,23
collab,49
collect,47
colleg,58
combin,73
comfort,40
commerc,129
commit,200
common,70
commun,275
comp,83
company,420
compens,41
competit,99
complet,287
comply,58
comprehend,22
comput,185
concern,175
conclud,57
condit,56
conduc,85
conf,424
confid,180
confirm,242
conflict,42
congrat,84
connect,76
consid,234
consist,85
consolid,23
const,25
constitut,17
consult,124
consum,55
cont,154
contact,699
contain,149
continu,222
contract,220
control,99
conv,27
conveny,151
coo,13
coop,39
cop,413
copyright,33
corp,750
correct,143
correspond,47
cost,227
count,54
country,45
coupl,127
cours,206
cov,203
cre,204
credit,229
crit,101
cum,32
cur,488
custom,175
cut,50
dai,90
dat,754
databas,94
day,671
deal,214
dear,523
debt,37
decid,265
ded,40
definit,72
del,128
delet,46
delivery,78
demand,73
depart,364
depend,88
deposit,11
describ,143
design,143
desir,45
detail,333
determin,112
develop,542
didn,60
diff,294
digit,25
dilig,11
direct,629
disclos,71
discount,52
discov,11
discuss,667
dissemin,22
distinct,15
distribut,143
divers,16
doct,28
docu,187
doesn,51
doll,37
domain,16
don,480
door,21
doubl,39
download,60
draft,113
dram,24
draw,28
driv,122
drop,31
due,205
dynam,54
ear,287
earn,26
easy,115
econom,178
edg,15
edit,92
educ,63
effect,153
efficy,92
effort,219
eith,193
elect,213
electron,106
elimin,22
els,156
email,618
emerg,64
employ,265
enco,61
encod,11
end,296
energy,564
eng,62
engin,186
enh,47
enjoy,155
enough,71
ens,82
ent,130
enterpr,49
entir,64
environ,96
equ,97
equip,45
espec,78
ess,46
est,89
estim,92
etc,240
europ,173
evalu,128
every,114
everyon,162
everyth,73
exact,56
exampl,121
exceiv,95
excel,123
excess,37
exchang,81
excit,99
exclud,39
execut,166
exerc,37
expand,69
expect,198
expens,57
expert,100
expery,224
expir,39
expl,130
expos,69
express,85
extend,167
extr,37
extract,20
extrem,62
fac,49
facil,64
fact,198
fail,54
fal,93
famy,71
far,140
fast,62
fat,12
fav,35
fax,533
feat,70
fed,45
fee,72
feel,326
field,84
fil,336
fin,880
find,453
firm,135
first,399
fit,114
fiv,45
fix,81
flo,142
flow,74
foc,94
focus,67
follow,743
food,12
forc,38
foreign,24
forget,18
form,355
formul,19
forward,1383
found,131
four,84
fre,355
fresh,12
friend,117
front,61
ful,230
fun,23
fund,82
furth,242
fut,262
gain,40
gam,36
gap,25
gas,251
gath,40
gem,19
gen,317
get,877
giv,710
glob,176
goal,68
going,304
gold,30
gon,40
good,544
got,166
govern,63
graph,48
gre,467
group,964
grow,66
guar,40
guarantee,11
guid,70
guy,145
half,55
hand,91
handl,64
hap,105
happy,230
hard,112
hardw,21
head,152
heal,15
hear,283
heard,97
heavy,29
held,123
hello,220
help,636
hent,33
high,271
highest,21
hist,120
hit,37
hold,105
hom,236
hon,40
hop,560
host,65
hot,29
hour,171
hous,70
howev,314
htm,61
html,115
http,467
hug,26
hum,47
ide,123
idea,90
ident,119
ign,23
immedy,169
impact,88
import,242
imposs,11
impress,86
improv,103
includ,462
incom,43
inconveny,16
increas,119
ind,207
independ,61
individ,154
industry,210
info,155
inform,869
init,93
innov,44
ins,63
insid,16
inst,35
instal,59
instead,44
institut,116
instruct,47
int,176
integr,86
intend,119
interest,668
intern,318
internet,155
introduc,135
invest,148
investig,41
invit,298
involv,183
isn,12
iso,26
issu,409
item,87
job,178
john,337
join,248
joint,41
jon,121
jul,27
july,231
jump,61
jun,180
keep,210
kept,12
key,126
kind,173
know,1235
knowledg,88
known,26
lab,41
lack,36
lak,16
land,23
langu,26
larg,120
largest,40
last,498
lat,260
latest,108
launch,41
law,33
lead,220
learn,134
least,85
leav,170
left,114
leg,87
lend,21
less,105
level,189
licens,56
lif,50
light,48
lik,1074
limit,139
lin,230
link,147
list,459
littl,99
liv,75
llc,19
loan,28
loc,288
log,91
long,306
look,900
los,36
loss,46
lost,28
lot,204
lov,45
low,65
ltd,20
luck,22
machin,29
mad,224
mail,669
mailbox,15
mailm,13
maintain,47
maj,94
mak,735
man,900
manufact,18
many,360
march,193
mark,243
market,591
mary,73
mass,13
mat,259
max,22
maxim,47
mayb,86
mean,192
meas,92
med,34
meet,895
memb,226
ment,247
mess,682
met,147
method,87
michael,144
microsoft,13
might,289
mil,122
mim,25
min,119
mind,125
minim,43
minut,116
miss,114
mix,18
mobl,30
mod,98
model,556
mom,48
mon,188
money,65
monit,48
month,189
morn,356
mortg,11
mot,37
moth,12
mov,293
much,450
mult,32
multipl,49
must,124
nam,409
nat,184
near,81
necess,127
nee,936
neg,26
negoty,50
neith,26
net,115
network,124
nev,56
new,711
newslet,54
next,545
nic,98
night,91
nin,17
non,130
norm,123
noth,25
num,57
numb,494
object,84
oblig,25
obtain,83
occ,33
oil,88
old,65
onlin,90
opin,66
opportun,404
opt,438
optim,97
ord,262
org,251
origin,393
otc,16
otherw,84
outsid,89
outstand,31
pack,98
pag,174
paid,38
pap,212
par,68
part,285
particip,307
particul,144
partn,69
party,79
pass,114
past,137
path,50
paty,20
pay,177
pen,26
pend,41
peopl,335
per,160
perc,27
perfect,35
perform,146
period,134
perm,30
permit,58
person,346
phon,468
phys,73
pick,55
pict,32
plac,290
plan,379
platform,48
play,107
pleas,2035
plu,66
point,247
policy,86
polit,34
poor,23
pop,20
popul,13
port,100
portfolio,91
posit,387
poss,456
possess,12
post,115
pot,149
pow,406
pract,87
pre,59
predict,34
pref,92
prem,31
premy,13
prep,142
pres,534
presid,168
press,71
prev,20
prevy,134
pri,157
pric,545
prim,99
print,100
priv,69
pro,30
prob,226
problem,329
proc,78
process,462
produc,407
profess,246
profil,52
profit,52
program,424
prohibit,47
project,459
prom,67
promot,97
prompt,80
prop,28
property,27
propos,187
prospect,39
protect,36
prov,33
provid,497
publ,244
purchas,122
purpos,88
put,245
qual,106
quest,660
quick,141
quit,123
quot,41
rac,95
rais,43
rang,78
rank,37
rapid,35
rat,194
rath,100
raw,17
reach,125
read,201
ready,97
real,451
reason,135
rec,224
receipt,46
receiv,527
recipy,54
recommend,168
record,57
reduc,65
ref,145
refin,28
reflect,64
reform,11
reg,242
regard,1108
rel,385
releas,61
rely,76
remain,111
rememb,87
remot,20
remov,55
replac,57
reply,169
report,279
repres,138
request,435
requir,303
research,948
reserv,187
resid,35
resourc,238
respect,80
respond,248
respons,355
rest,83
result,242
retail,44
return,217
rev,52
revenu,52
review,387
revolv,15
reward,12
right,242
risk,567
road,28
rob,16
rol,174
rom,22
room,213
rul,38
run,213
saf,26
said,124
sal,170
sampl,26
san,51
satisfact,21
sav,54
say,163
sci,72
search,44
sec,143
second,141
secret,36
sect,107
see,725
seek,51
seem,186
seen,38
seg,16
sel,89
select,118
self,30
send,638
sens,100
sent,566
seny,114
serv,415
sery,138
sess,105
set,381
sev,240
shal,460
shar,128
sharehold,12
sheet,39
ship,41
shop,16
short,228
show,135
sid,113
sign,292
simil,88
simpl,61
simply,52
singl,67
sint,511
sir,18
sit,239
situ,57
six,47
siz,52
smal,92
smtp,24
soft,25
softw,131
sol,40
sold,28
solicit,18
solv,126
someon,137
someth,147
sometim,86
son,25
soon,327
sorry,208
sou,39
sound,71
sourc,99
spac,61
speak,332
spec,406
spee,46
spend,70
spent,48
spons,63
staff,125
stag,49
stand,46
standard,130
star,15
start,321
stat,397
stay,138
ste,28
step,94
stil,300
stock,52
stop,58
stor,89
story,37
strategic,57
stream,17
street,157
strictly,37
strong,73
strongly,23
structure,104
study,152
styl,30
submit,162
subscrib,70
subsidy,33
subst,24
success,188
suggest,321
suit,110
sum,339
supery,13
supply,109
support,348
sur,279
surpr,31
survey,33
symbol,11
system,358
tak,632
talk,538
target,44
task,40
tax,54
teach,52
team,386
techn,230
technolog,166
tel,303
telephon,125
temp,51
ten,37
term,264
test,127
text,50
thank,1851
theref,106
thes,556
thing,229
think,567
third,71
thos,208
though,69
thought,223
thousand,13
three,146
thu,65
tim,1212
titl,97
today,346
togeth,254
tol,11
told,139
ton,28
took,59
tool,110
top,250
tot,119
toward,72
track,66
trad,497
traff,25
train,126
transact,95
transcrib,12
transf,77
transfer,18
transmit,88
travel,112
tre,68
tremend,16
trend,27
tri,55
tru,69
trust,36
try,320
tue,32
tuesday,232
turn,75
two,461
typ,251
ultim,31
uncertainty,15
understand,267
understood,48
unit,186
univers,490
unsubscrib,32
upd,286
upon,120
urg,50
url,38
util,128
vac,96
valid,51
valu,380
vary,164
vent,26
ver,41
vert,195
via,149
video,47
view,155
virt,25
vis,90
visit,348
volum,58
wait,85
wal,24
walk,42
want,600
war,22
wasn,18
wat,36
watch,22
way,348
web,258
websit,111
week,789
weight,12
wel,580
welcom,97
west,58
wheth,166
whit,26
whol,66
whos,24
wid,84
wif,25
win,41
window,48
wish,149
within,252
without,131
won,45
wond,139
wor,54
word,94
work,1072
world,127
worldwid,25
worry,22
writ,244
wrong,26
www,382
yahoo,43
year,588
yet,159
york,92
young,30
