1005,1093
http,317
mail,297
pleas,296
get,289
inform,280
click,271
new,270
receiv,253
tim,253
busy,251
best,242
email,239
sit,239
mak,238
list,235
lik,224
day,220
interest,219
money,219
want,216
nee,213
mess,210
pric,209
see,207
man,204
www,200
company,195
don,194
ord,190
fre,189
websit,186
produc,185
sav,185
custom,183
look,182
way,181
remov,180
provid,180
lif,179
market,178
sec,173
address,173
fut,171
tak,170
stat,165
spec,165
form,164
thes,163
start,162
visit,162
cre,158
work,158
softw,156
real,155
onlin,155
serv,153
right,150
net,149
includ,148
good,148
know,146
send,142
avail,141
within,137
profess,137
effect,135
today,131
regard,130
mad,129
help,129
low,128
giv,126
adv,125
gre,125
year,124
without,123
nam,123
wish,122
fin,122
peopl,121
contact,120
web,120
buy,119
many,118
design,118
act,117
invest,117
ful,116
success,116
follow,116
chang,116
cur,114
hello,114
reply,114
hom,114
result,114
med,114
find,113
easy,112
high,111
account,110
cal,110
fil,110
country,110
numb,108
posit,107
becaus,107
system,107
fast,106
tot,106
increas,105
nat,101
long,101
hot,101
world,101
sent,100
ready,100
person,99
rat,99
week,99
thing,99
gen,99
internet,99
dat,98
mat,98
mil,98
thank,98
lin,98
bas,98
complet,97
much,97
direct,94
sint,94
immedy,93
pay,93
program,92
link,92
hour,91
priv,90
sal,90
advert,90
must,90
vert,89
check,89
reg,88
logo,88
org,87
think,86
per,86
fact,86
detail,84
nev,84
cost,84
suit,83
last,83
first,83
requir,83
limit,82
part,82
return,82
mean,82
car,81
phon,80
wel,80
mon,80
access,79
loc,79
pres,79
pack,79
hand,79
dear,78
effort,78
quick,77
info,77
lov,77
forward,77
credit,76
process,76
amount,76
search,76
sel,75
competit,75
guarantee,75
thousand,75
unsubscrib,75
worldwid,75
report,75
abl,75
believ,75
doll,75
qual,75
cont,74
furth,74
leg,74
valu,74
lead,74
opt,74
decid,73
shop,73
opportun,73
prov,73
read,72
thos,72
import,72
keep,71
pow,71
minut,71
subscrib,71
learn,71
request,71
confid,70
grow,70
commun,69
addit,69
ent,69
shar,69
deal,69
ship,68
publ,68
allow,68
partn,68
becom,68
risk,68
plac,68
build,68
every,67
back,67
int,67
bank,66
wait,66
away,66
month,66
feat,66
simply,66
party,65
apply,65
support,65
bil,65
might,65
vis,65
typ,65
fund,64
top,64
three,64
end,64
perfect,64
pro,63
approv,63
second,62
origin,62
acceiv,62
next,62
rel,62
found,62
contain,61
del,61
say,61
sev,61
paid,61
word,61
sign,61
term,60
corp,60
nic,60
develop,60
fee,59
engin,59
transf,58
graph,58
commit,58
feel,58
benefit,58
saf,58
past,58
plan,58
two,58
involv,57
lot,57
welcom,57
diff,57
pot,57
consid,57
est,57
bet,57
fail,57
transact,56
sur,56
stand,56
profit,56
solicit,56
stock,56
memb,56
cent,56
rememb,55
improv,55
vary,55
control,55
kind,55
los,55
trad,55
industry,55
stop,55
liv,55
charset,54
unit,54
cash,54
ind,54
watch,54
auth,54
quest,53
non,53
set,53
due,53
expect,53
group,53
big,52
mov,52
technolog,52
assist,51
poss,51
guar,51
respons,51
reason,51
rec,50
caus,50
certain,50
autom,50
pri,50
anyon,49
air,49
promot,49
already,49
writ,49
protect,49
friend,49
ask,49
submit,49
cop,48
tool,48
yet,48
brok,48
seek,48
expery,48
going,48
less,48
perm,48
hard,48
clear,47
ins,47
front,47
tri,47
press,47
target,47
card,47
put,47
comput,46
contract,46
satisfact,46
download,46
project,46
sect,46
record,46
standard,46
famy,46
html,46
revenu,46
repres,45
delivery,45
inst,45
necess,45
perform,45
third,45
earn,45
issu,45
maj,45
draw,44
ver,44
gain,44
post,44
sourc,44
view,44
extr,44
hug,44
show,44
releas,43
exampl,43
continu,43
short,43
express,43
smal,43
edit,43
stil,43
purchas,43
try,43
intern,43
absolv,43
noth,43
pag,42
city,42
comply,42
affy,42
annount,42
reach,42
mot,42
loan,42
govern,41
text,41
spons,41
newslet,41
break,41
bring,41
siz,41
key,41
lat,41
cheap,41
claim,41
introduc,41
ident,40
intend,40
tru,40
solv,40
window,40
point,40
among,40
meet,40
bit,40
independ,40
larg,40
exchang,40
hist,40
latest,40
understand,40
recipy,39
problem,39
brows,39
instead,39
discount,39
soon,39
anoth,39
discuss,39
purpos,39
jul,39
upon,39
item,38
choos,38
cli,38
clos,38
simpl,38
conveny,38
respect,38
urg,38
are,38
outstand,38
play,38
alway,38
select,38
assocy,38
tel,38
box,37
fax,37
turn,37
imagin,37
around,37
consult,37
norm,37
prompt,37
upd,37
collect,37
individ,37
got,37
hear,37
bon,36
databas,36
near,36
compens,36
econom,36
estim,36
july,36
jun,36
tax,36
expand,36
wor,36
step,36
howev,36
review,36
secret,36
capit,36
join,36
rely,36
resourc,36
sum,35
old,35
acc,35
goal,35
littl,35
min,35
team,35
supply,35
prom,35
enh,35
tue,35
heal,35
sampl,35
loss,35
portfolio,35
mind,35
enough,35
cod,34
employ,34
book,34
extend,34
commerc,34
dai,34
deposit,34
reserv,34
said,34
distribut,34
ref,34
exclud,33
acquir,33
agr,33
anticip,33
strong,33
accord,33
morn,33
driv,33
research,33
instruct,32
hop,32
brand,32
sery,32
law,32
cov,32
dram,32
trust,32
win,32
cho,31
charg,31
confirm,31
foreign,31
demand,31
excit,31
class,31
object,31
predict,31
everyth,31
network,31
iso,31
answ,31
fiv,31
happy,31
incom,30
mix,30
refin,30
mailm,30
budget,30
pract,30
path,30
langu,29
lend,29
situ,29
someth,29
assum,29
consum,29
equ,29
shal,29
sharehold,29
cas,29
property,29
head,29
soft,29
ass,29
hous,29
yahoo,28
hap,28
run,28
unknown,28
connect,28
condit,28
uncertainty,28
chant,28
spent,28
premy,28
impress,28
achiev,28
stor,28
aim,28
manufact,28
quot,28
hold,28
sorry,27
track,27
board,27
cap,27
recommend,27
presid,27
thought,27
audit,27
etc,27
travel,27
method,27
host,26
pre,26
attract,26
cours,26
occ,26
pick,26
apolog,26
maintain,26
entir,26
collab,26
reflect,26
task,26
exact,26
via,26
popul,26
profil,26
titl,26
telephon,25
video,25
bulk,25
constitut,25
six,25
expert,25
opin,25
ens,25
log,25
war,25
level,25
distinct,25
structure,25
obtain,25
barry,25
mim,25
smtp,25
print,25
reduc,25
prevy,25
otherw,25
stream,25
ment,25
along,25
handl,25
propos,25
eith,25
excel,25
anyth,25
debt,25
known,24
foc,24
togeth,24
comp,24
equip,24
remain,24
rest,24
emerg,24
gap,24
fix,24
someon,24
altern,24
rang,24
retail,24
plu,24
street,23
extrem,23
least,23
respond,23
train,23
fit,23
lost,23
self,23
conflict,23
oil,23
won,23
concern,23
talk,23
max,23
ear,23
hit,23
excess,23
glob,23
perc,23
pass,23
test,23
seen,23
gift,22
sometim,22
delet,22
valid,22
energy,22
licens,22
simil,22
ten,22
hon,22
draft,22
art,22
far,22
multipl,22
prem,22
depart,21
sir,21
ess,21
prep,21
mult,21
doesn,21
wond,21
expl,21
stay,21
didn,21
policy,21
prim,21
mailbox,21
bad,21
particip,21
oblig,21
sold,21
spend,21
combin,21
spac,21
anywh,21
mod,21
instal,21
alert,21
execut,21
col,21
wid,21
left,20
fed,20
gath,20
four,20
mass,20
almost,20
americ,20
tre,20
whol,20
particul,20
begin,20
init,20
port,20
vent,20
enjoy,20
fac,20
integr,20
util,20
describ,20
bottom,19
disclos,19
transmit,19
llc,19
admin,19
everyon,19
seem,19
impact,19
movy,19
subsidy,19
asset,19
guid,19
period,19
meas,19
miss,19
doubl,19
field,19
wif,19
analys,19
exceiv,19
machin,19
knowledg,19
resid,19
expir,19
fortun,19
investig,18
button,18
bankruptcy,18
circ,18
mayb,18
theref,18
largest,18
sens,18
techn,18
expens,18
ign,18
ceo,18
correct,18
docu,18
fal,18
copyright,18
educ,18
definit,18
vac,18
fav,17
carry,17
dynam,17
biggest,17
url,17
anytim,17
stag,17
land,17
alon,17
job,17
sess,17
innov,17
coo,17
cum,17
coop,17
attempt,17
minim,17
mobl,17
campaign,17
cam,17
cut,17
singl,17
pict,17
body,17
prob,17
rank,17
acquisit,17
avoid,16
correspond,16
inconveny,16
negoty,16
star,16
understood,16
canad,16
prop,16
invit,16
desir,16
els,16
prev,16
although,16
volum,16
weight,16
block,16
ide,16
common,16
institut,16
rais,16
sou,16
surpr,16
west,16
afraid,16
wasn,16
hum,16
speak,16
launch,16
congrat,16
worry,16
prospect,16
pen,15
virt,15
strongly,15
digit,15
depend,15
gas,15
reform,15
suggest,15
focus,15
tremend,15
europ,15
forc,15
beauty,15
young,15
exerc,15
quit,15
pref,15
gold,15
remot,15
divers,15
revolv,15
appear,15
polit,15
joint,15
nin,15
receipt,15
maxim,15
rac,15
held,15
rath,15
ste,15
styl,15
burn,15
outsid,14
seny,14
attach,14
domain,14
spee,14
walk,14
half,14
met,14
survey,14
regul,14
took,14
extract,14
bought,14
road,14
mark,14
though,14
num,14
rul,14
determin,14
hardw,14
wat,14
behind,14
ultim,14
mom,14
traff,14
attorney,14
firm,14
platform,14
htm,14
sol,14
sid,14
wheth,14
apprecy,14
forget,14
calc,13
san,13
wrong,13
anybody,13
enco,13
tuesday,13
jon,13
optim,13
fun,13
environ,13
temp,13
gam,13
proc,13
comprehend,13
leav,13
coupl,13
facil,13
monit,13
phys,13
espec,13
rol,13
efficy,13
elect,13
bar,13
edg,13
rapid,13
ago,13
formul,13
elimin,13
area,13
son,13
idea,13
agree,13
drop,12
strategic,12
whit,12
rev,12
door,12
hent,12
analyst,12
detect,12
electron,12
lak,12
mary,12
univers,12
soc,12
hotmail,12
voic,12
subst,12
count,12
raw,12
pop,12
ton,12
built,12
oft,12
sound,12
gon,12
cert,11
conclud,11
luck,11
rep,11
californ,11
ltd,11
neg,11
dissemin,11
flow,11
heavy,11
reward,11
isn,11
expos,11
poor,11
affect,11
fair,11
hey,11
relev,11
replac,11
john,11
par,11
flo,11
judg,11
york,11
ded,11
evalu,11
neith,11
thu,11
match,11
teach,11
conf,11
microsoft,11
pap,11
tab,11
