11261,1096
,1096
subject:,1096
.,1070
",",935
to,934
the,878
a,802
and,802
-,801
you,797
of,788
yo,776
for,737
is,724
in,701
!,676
:,642
on,633
we,552
thi,549
not,531
with,531
it,526
ar,523
hav,520
be,518
',512
our,508
her,477
from,470
/,458
?,437
that,435
us,435
wil,435
al,423
com,423
at,390
or,389
),371
by,365
s,354
off,346
do,346
(,345
no,333
if,329
$,328
mor,322
http,317
pleas,317
mail,311
can,308
now,307
i,297
just,293
get,292
an,290
inform,290
1,281
%,280
5,273
t,272
tim,269
busy,267
click,267
new,267
as,265
receiv,265
out,261
any,260
list,256
email,254
mak,248
sit,246
e,241
best,241
interest,241
3,239
ov,238
day,230
lik,228
nee,227
@,222
pric,220
money,220
want,218
ord,215
has,214
company,211
about,211
man,210
mess,210
see,209
don,208
but,208
2,205
"""",203
may,200
fre,200
remov,198
oth,198
way,198
provid,197
produc,195
look,193
up,191
www,191
sav,190
lif,187
form,187
custom,185
10,184
websit,183
what,182
market,181
into,180
tak,180
;,178
been,177
address,177
spec,176
sec,174
fut,173
ev,173
start,172
stat,172
was,170
thes,169
how,169
serv,169
right,168
work,166
softw,165
who,163
would,161
real,161
send,160
cre,158
onlin,158
includ,158
know,156
which,152
good,152
so,149
visit,148
net,148
4,147
_,147
000,146
within,146
subject,144
than,144
regard,143
today,143
go,140
mad,139
their,139
below,138
avail,137
help,137
giv,137
m,137
8,136
id,135
nam,135
wish,135
low,135
profess,135
year,134
gre,134
when,133
also,133
fin,133
0,132
ther,132
effect,131
me,130
*,129
adv,128
2005,128
ful,127
own,126
follow,126
invest,125
contact,125
buy,124
find,124
many,124
my,124
am,122
posit,122
hello,121
country,120
7,120
chang,119
cur,119
peopl,119
easy,119
success,118
100,118
increas,118
op,118
fil,117
act,117
without,117
very,117
hom,117
ag,116
med,115
through,115
most,115
account,115
50,115
could,114
they,114
nat,114
r,113
high,113
numb,113
thank,113
reply,112
result,112
som,112
becaus,112
fast,112
doe,112
system,112
web,111
week,111
ready,110
cal,110
6,109
=,108
design,108
gen,108
lin,108
tot,108
thing,105
aft,104
mat,104
sent,104
dat,103
immedy,102
direct,102
bas,101
pay,101
too,101
mil,101
much,100
rat,99
complet,98
requir,98
sint,98
sal,97
person,97
world,97
per,97
link,97
hot,96
should,96
viagr,96
internet,96
u,95
let,95
v,95
&,95
program,95
first,95
advert,94
vert,94
must,93
hour,93
long,92
l,92
und,91
then,91
12,91
ll,91
cost,91
mean,90
them,90
er,90
return,90
doll,90
org,90
info,89
access,89
thousand,89
30,88
wel,88
effort,88
loc,88
nev,88
report,88
check,87
logo,87
stationery,87
fact,87
sel,87
[,87
#,87
priv,87
amount,87
],86
re,86
phon,86
few,86
believ,85
dear,85
+,84
opportun,84
mon,84
import,84
detail,83
lead,83
pack,83
search,83
00,82
20,82
furth,82
int,82
im,82
think,81
sex,81
whil,81
lov,81
wher,81
suit,81
p,81
request,81
forward,80
reg,80
credit,80
d,80
read,80
addit,79
abl,79
pres,78
risk,78
such,78
qual,78
leg,78
last,78
subscrib,78
cont,78
guarantee,77
being,77
decid,77
shop,76
keep,76
limit,76
abov,76
partn,76
opt,75
becom,75
worldwid,75
valu,75
bef,75
hand,74
deal,74
part,74
shar,74
quick,74
ent,74
acceiv,74
month,74
three,74
70,74
simply,73
thos,73
car,73
typ,73
confid,73
minut,73
back,73
commun,73
corp,73
competit,72
pow,72
unsubscrib,72
second,72
cannot,72
plac,72
prov,71
publ,71
process,71
feat,71
top,71
wer,71
next,71
grow,71
ad,71
x,71
his,70
sev,70
improv,70
say,70
allow,69
ship,69
learn,69
o,69
approv,68
un,68
wait,68
apply,68
term,68
transact,68
ve,68
cash,67
develop,67
party,67
rel,67
origin,67
support,67
hundr,67
bank,67
mx,67
15,67
memb,67
sur,67
andmanyoth,67
paid,66
welcom,66
pro,66
commit,66
yourself,66
9,66
stock,65
25,65
fund,65
24,65
he,64
fee,64
bil,64
past,64
bet,64
g,64
99,64
end,63
profit,63
two,63
word,63
vis,63
rememb,63
assist,63
benefit,63
each,63
build,62
found,62
watch,62
est,62
mov,62
ont,62
group,62
every,62
stop,62
transf,62
del,62
nic,62
away,61
perfect,61
diff,61
might,61
sign,61
kind,61
saf,61
plan,60
feel,60
2004,60
contain,59
engin,59
involv,59
fail,59
95,59
500,59
autom,59
writ,59
trad,59
consid,58
expect,58
graph,58
los,58
earn,58
vary,58
pot,58
hard,57
liv,57
technolog,57
respons,57
tool,56
already,56
guar,56
unit,56
poss,56
quest,56
sam,56
men,56
both,56
control,56
due,56
auth,56
industry,56
non,56
boost,56
oniin,56
>,55
maj,55
rec,55
satisfact,55
solicit,55
afford,55
big,55
b,55
cent,55
21,54
ind,54
had,54
studio,54
friend,54
purchas,54
pri,54
short,54
av,54
75,54
cd,53
ask,53
j,53
stil,53
going,53
lot,53
meet,53
expery,52
revenu,52
macromed,52
show,52
cop,52
continu,52
set,52
c,52
60,52
charset,51
stand,51
why,51
reason,51
necess,51
html,51
caus,50
certain,50
tri,50
11,50
annount,50
exampl,50
hug,50
sourc,50
target,50
extr,50
90,49
third,49
press,49
view,49
19,49
less,49
unlimit,49
problem,49
download,49
card,49
protect,49
ins,49
clear,49
brok,48
contract,48
perm,48
th,48
yet,48
29,48
introduc,48
reach,48
anyon,48
submit,48
smal,48
again,48
noth,48
record,47
comput,47
inst,47
seek,47
gain,47
independ,46
put,46
sect,46
delivery,46
norm,46
window,46
promot,46
break,46
standard,46
lat,46
bit,46
larg,46
famy,46
fresh,45
perform,45
tru,45
oem,45
city,45
loan,45
anoth,45
incred,45
siz,45
45,45
text,45
air,44
front,44
affy,44
project,44
repres,44
49,44
intern,44
soon,44
tel,44
govern,44
understand,44
releas,44
among,44
around,44
newslet,43
comply,43
turn,43
ver,43
brows,43
spons,43
upon,43
46,43
wor,43
said,43
alway,43
box,43
simpl,43
solv,43
clos,42
express,42
mr,42
instead,42
draw,42
professiona,42
wom,42
intend,42
compens,42
outstand,42
review,42
wiil,42
discount,42
ident,41
respect,41
supply,41
try,41
36,41
agr,41
fax,41
tax,41
choos,41
enough,41
secret,41
80,41
cod,41
bring,40
near,40
select,40
jul,40
18,40
16,40
reserv,40
absolv,40
edit,40
latest,40
purpos,40
individ,40
php,40
resourc,40
cli,40
old,40
issu,40
hi,40
incom,40
27,39
exchang,39
point,39
post,39
rely,39
urg,39
upd,39
charg,39
databas,39
cheap,39
150,39
did,39
prom,39
prompt,39
portfolio,39
mot,39
66,39
hist,38
team,38
play,38
join,38
min,38
accord,38
driv,38
co,38
consult,38
projecthoneypot,38
conveny,38
y,38
recipy,38
sampl,37
expand,37
jun,37
item,37
are,37
bon,37
imagin,37
uk,37
claim,37
littl,37
achiev,37
ass,37
capit,37
mind,37
distribut,37
got,37
key,37
dur,37
employ,37
acc,36
discuss,36
estim,36
goal,36
59,36
40,36
deposit,36
cial,36
39,36
xp,36
collect,36
econom,36
sery,36
instruct,36
aw,35
tue,35
mortg,35
spamassassin,35
assocy,35
everyth,35
fiv,35
14,35
excit,35
strong,35
n,35
pag,35
step,35
250,35
hear,35
adob,35
loqo,34
acquir,34
predict,34
research,34
happy,34
refin,34
dai,34
sum,34
norton,34
someon,34
run,34
confirm,34
cas,34
pract,34
yahoo,34
57,34
budget,34
revamp,33
anticip,33
cov,33
enh,33
july,33
ref,33
foreign,33
howev,33
dram,33
biz,33
exclud,33
between,33
ca,33
2002,33
corel,33
42,33
iso,33
path,33
artwork,32
brea,32
breath,32
track,32
until,32
handl,32
k,32
book,32
17,32
against,32
hap,32
level,32
network,32
anyth,32
bulk,32
fl,32
consum,32
87,32
soft,32
doing,31
equ,31
object,31
profil,31
sharehold,31
lend,31
oblig,31
answ,31
cho,31
host,31
eith,31
trust,31
mailm,31
morn,31
cap,31
demand,31
herein,31
head,31
class,31
commerc,31
down,31
spam,31
heal,31
125,31
cl,31
8859,31
wii,30
hous,30
least,30
sf,30
sight,30
law,30
hop,30
extend,30
ir,30
she,30
sorry,30
constitut,30
board,30
hold,30
etc,30
stor,30
maintain,30
shlpplng,30
aim,30
214,30
assum,29
loss,29
situ,29
pc,29
cours,29
bed,29
exact,29
core,29
langu,29
encod,29
method,29
ens,29
shal,29
listinfo,29
sometim,29
emerg,29
otherw,29
print,29
someth,29
via,29
presid,29
glob,29
h,29
en,29
photoshop,29
62,29
known,28
pick,28
uncertainty,28
property,28
ye,28
unknown,28
200,28
popul,28
sp,28
street,28
test,28
apolog,28
paint,28
connect,28
condit,28
spent,28
800,28
nor,28
mult,28
pass,28
six,28
titl,28
brand,28
gap,28
barry,28
cs,28
premy,28
la,28
dos,28
mim,28
mal,27
manufact,27
fit,27
rang,27
comp,27
ciick,27
win,27
mix,27
entir,27
plu,27
won,27
perc,27
|,27
stream,27
prep,27
reflect,27
respond,27
rest,27
telephon,27
miiy,27
propos,27
w,27
collab,27
task,27
retail,27
acrob,27
205,27
smtp,27
erectil,26
execut,26
sold,26
prescrib,26
119,26
french,26
span,26
22,26
el,26
particip,26
amaz,26
prevy,26
dea,26
delet,26
ie,26
13,26
excess,26
fortun,26
him,26
lost,26
130,26
ac,26
remain,26
vent,26
discov,26
st,26
chant,26
distinct,26
structure,26
pharmaceut,26
obtain,26
recommend,26
120,26
0000,26
castillo,26
gzo,26
mailwisconsin,26
squirrelmail,26
dysfunct,25
1934,25
occ,25
opin,25
quot,25
reduc,25
video,25
dreamweav,25
homesit,25
debt,25
disclaim,25
35,25
oil,25
fix,25
foc,25
ment,25
symbol,25
prem,25
fastest,25
sir,25
extrem,25
seen,25
de,25
didn,25
everyon,25
expens,25
prim,25
rich,25
thought,25
va,25
whol,25
policy,25
attract,25
oniy,25
excel,25
togeth,25
135,25
240,25
audit,25
discreet,25
um,25
helo,25
visua,24
1933,24
550,24
alia,24
equip,24
log,24
pre,24
travel,24
impress,24
vain,24
wi,24
concern,24
doesn,24
knowledg,24
rd,24
shouldn,24
lt,24
depart,24
field,24
licens,24
unsolicit,24
draft,24
energy,24
expert,24
war,24
altern,24
ex,24
four,23
begin,23
pil,23
wond,23
ai,23
riqht,23
anywh,23
wid,23
jok,23
sai,23
asset,23
constru,23
port,23
subsidy,23
instal,23
conflict,23
simil,23
ear,23
mod,23
01,23
hon,23
iead,23
recollect,23
isv,23
sampy,23
es,23
chin,23
far,23
140,23
115,23
miss,22
cam,22
circ,22
combin,22
train,22
lowest,22
errrectlon,22
reqard,22
heav,22
fed,22
tre,22
struggle,22
gath,22
inh,22
transmit,22
satisfy,22
definit,22
init,22
stag,22
wif,22
americ,22
pharm,22
turnaround,22
catchy,22
nowaday,22
mass,22
prop,22
1000,22
pict,22
gift,22
drug,22
desiqn,22
110,22
max,22
multipl,21
homeown,21
machin,21
revolv,21
31,21
spend,21
util,21
avoid,21
minim,21
bankruptcy,21
peop,21
dream,21
exceiv,21
describ,21
talk,21
viaqr,21
f,21
investig,21
resid,21
seem,21
left,21
ioqo,21
marketinq,21
fac,21
iogo,21
letsyou,21
sureth,21
hit,21
successful,21
art,21
heart,21
bad,21
ceo,21
col,21
framemak,21
quickbook,21
vl,21
xar,21
koi,20
acquisit,20
land,20
ail,20
geek,20
thinkgeek,20
almost,20
doubl,20
theref,20
400,20
negoty,20
mayb,20
stay,20
conviny,20
integr,20
mom,20
wir,20
largest,20
analys,20
common,20
ey,20
miil,20
attempt,20
enjoy,20
biggest,20
url,20
linux,20
expl,20
cut,20
mily,20
firm,20
receipt,19
childr,19
fat,19
hid,19
exampy,19
guid,19
movy,19
ourselv,19
ten,19
85,19
met,19
num,19
rais,19
sens,19
llc,19
lf,19
docu,19
carry,19
surpr,19
though,19
tip,19
desir,19
contemp,19
dynam,19
rhythm,19
explod,19
bottom,19
penny,19
buiid,19
valid,19
invok,19
alert,18
300,18
2000,18
spac,18
along,18
fal,18
innov,18
reform,18
worry,18
focus,18
gold,18
ign,18
pop,18
wasn,18
sho,18
prlces,18
impact,18
maxim,18
canad,18
strongly,18
qmail,18
05,18
ne,18
mus,18
sh,18
particul,17
star,17
button,17
invit,17
confidentiay,17
dvd,17
expir,17
remot,17
correspond,17
self,17
spee,17
2001,17
ded,17
ess,17
gas,17
micro,17
rock,17
understood,17
insurancemail,17
seny,17
mobl,17
admin,17
half,17
il,17
rac,17
rank,17
consist,17
volum,17
forget,17
agree,17
ilug,17
listmast,17
brinq,17
ant,17
god,17
anytim,17
prospect,17
afraid,17
entertain,17
carefu,16
disclos,16
launch,16
quit,16
anybody,16
fav,16
rul,16
iot,16
34,16
els,16
blank,16
burn,16
copyright,16
walk,16
europ,16
photo,16
espec,16
inciud,16
virt,16
apprecy,16
televid,16
1995,16
litig,16
ago,16
count,16
idea,16
leav,16
light,16
mailbox,16
road,16
rol,16
took,16
forc,16
young,16
invis,16
platform,16
styl,16
sou,16
techn,16
girl,16
attorney,16
exerc,16
subst,16
coop,16
inconveny,16
2003,16
prev,16
03,16
cool,16
ei,16
rev,15
campaign,15
rapid,15
sol,15
tv,15
paty,15
inexpend,15
kept,15
23,15
determin,15
gam,15
sound,15
permit,15
alon,15
suggest,15
story,15
abus,15
although,15
nin,15
period,15
tuesday,15
fores,15
hardw,15
meas,15
omit,15
oo,15
ow,15
pertain,15
puby,15
therein,15
verg,15
wat,15
weight,15
cum,15
comprehend,15
correct,15
awesom,15
conclud,15
freedom,15
job,15
prohibit,15
son,15
phys,15
speak,15
teach,15
vac,15
webslt,15
jon,15
adult,15
died,15
twenty,15
body,15
edg,15
strategic,15
pen,15
ss,15
digit,15
coo,15
lx,15
sid,15
val,15
suspend,15
itself,15
erect,15
educ,15
proc,14
rath,14
environ,14
optout,14
survey,14
elimin,14
gon,14
microsoft,14
categ,14
electron,14
transfer,14
dang,14
dilig,14
extract,14
facil,14
fifty,14
raw,14
technoiog,14
wrong,14
drop,14
02,14
et,14
sheet,14
ste,14
bought,14
heard,14
ide,14
insid,14
jump,14
replac,14
shock,14
told,14
tremend,14
wal,14
wheth,14
built,14
depend,14
behalf,14
contributeto,14
55,14
suqgest,14
48,14
prob,14
univers,14
iist,14
lu,14
hum,14
singl,14
west,14
analyst,14
ltd,14
institut,14
enemy,14
asid,14
bal,14
69,14
checko,14
endlogo,14
visualid,14
gol,14
divers,14
germ,14
formul,14
tol,13
warranty,13
pap,13
medicin,13
compiet,13
strictly,13
highest,13
ms,13
downioad,13
ton,13
york,13
held,13
staff,13
niger,13
poor,13
08,13
ong,13
pion,13
rei,13
tag,13
twelv,13
efficy,13
mo,13
porn,13
affect,13
26,13
58,13
appear,13
coupl,13
imposs,13
myself,13
sa,13
ultim,13
afric,13
room,13
imaq,13
medz,13
em,13
statlonery,13
discovery,13
dissemin,13
optim,13
reward,13
orderinq,13
domain,13
sport,13
33,13
joint,13
otc,13
pois,13
64,13
mark,13
annu,13
rob,13
expos,13
43,13
door,13
32,13
temp,13
fraud,13
07,13
alt,12
award,12
sess,12
husband,12
const,12
fun,12
luck,12
q,12
thu,12
advantaq,12
qerm,12
crit,12
forev,12
enco,12
rom,12
congrat,12
block,12
area,12
attack,12
detect,12
mislead,12
monit,12
oc,12
otcb,12
potent,12
across,12
cel,12
model,12
scan,12
film,12
harb,12
65,12
calc,12
fear,12
aggress,12
comfort,12
neg,12
ra,12
lab,12
isguit,12
qood,12
flow,12
approxim,12
californ,12
doct,12
lnternet,12
san,12
htm,12
logod,12
styllsh,12
michael,12
traff,12
beneficy,12
dr,12
john,12
lack,12
ok,12
fork,12
uiead,12
pend,12
payp,12
republ,12
cn,12
behind,12
amonq,11
transcrib,11
bbb,11
llcensed,11
ce,11
iast,11
availaby,11
colleg,11
backup,11
conv,11
attach,11
lucky,11
civil,11
hent,11
legitim,11
outsid,11
whos,11
beat,11
moth,11
chain,11
deem,11
ed,11
gem,11
seg,11
ter,11
trend,11
wireless,11
52,11
visiby,11
toward,11
wis,11
conduc,11
fifteen,11
food,11
neith,11
exactiy,11
feet,11
isn,11
march,11
mlm,11
nd,11
night,11
retir,11
study,11
eng,11
polit,11
elect,11
possess,11
whit,11
par,11
ph,11
lifetim,11
aol,11
pm,11
aof,11
chart,11
enterpr,11
heavy,11
se,11
zon,11
888,11
lak,11
conf,11
medlc,11
sci,11
powerfu,11
needsand,11
worid,11
consolid,11
flo,11
evalu,11
mary,11
^,11
supery,11
xent,11
pagemak,11
patch,11
provint,11
pref,11
28,11
210,11
guy,11
ip,11
moment,11
wa,11
72,11
radio,10
fantast,10
match,10
insuranceiq,10
conceiv,10
virgin,10
deiivery,10
beauty,10
disk,10
liabl,10
zip,10
ser,10
utmost,10
boy,10
enouqh,10
ob,10
rocket,10
sharehoid,10
shouid,10
transport,10
vit,10
invisiby,10
600,10
eq,10
fam,10
judg,10
doubt,10
fig,10
goe,10
honest,10
main,10
remark,10
resel,10
school,10
suppos,10
wouldn,10
ebay,10
trademark,10
boom,10
ris,10
bless,10
seiz,10
belong,10
daiiy,10
repair,10
creatinq,10
ii,10
mistak,10
ft,10
albert,10
86,10
regul,10
voic,10
washington,10
mast,10
cour,10
brought,10
battery,10
appl,10
offr,10
western,10
restrict,10
strategies,10
kid,10
stud,10
contribut,10
suff,10
rad,10
medlcatlon,10
chem,10
hey,10
attn,10
publishinq,10
sincereiy,10
quarantee,10
compet,10
soul,10
sv,10
enqin,10
1618,10
bound,10
grand,10
06,10
password,10
paqemak,10
piac,10
oft,10
exim,10
unbey,10
quart,9
sea,9
destruct,9
0200,9
554,9
ciay,9
tab,9
elig,9
undel,9
accum,9
black,9
child,9
expend,9
grant,9
interact,9
magazin,9
sup,9
ahead,9
drawn,9
stak,9
ticket,9
faith,9
furn,9
unw,9
tomorrow,9
hazard,9
invo,9
oi,9
resuit,9
thorough,9
threat,9
vend,9
127,9
leng,9
proof,9
pink,9
tx,9
approach,9
congress,9
dar,9
guidelin,9
keyword,9
pur,9
wrap,9
proud,9
construct,9
confidentiai,9
ty,9
fath,9
virtualiy,9
rep,9
uniimit,9
bar,9
bulletin,9
relev,9
soc,9
tech,9
pl,9
outstandlng,9
declin,9
hottest,9
ing,9
leas,9
mai,9
pieas,9
dec,9
strength,9
charact,9
hardc,9
kin,9
nobody,9
princip,9
cant,9
himself,9
oppos,9
fold,9
phoenix,9
smart,9
forecast,9
monday,9
east,9
girlfriend,9
kil,9
marry,9
hotmail,9
cle,9
cor,9
county,9
margin,9
refus,9
southern,9
56,9
flex,9
attain,9
wareh,9
ulead,9
msn,9
218,9
habit,9
multipy,9
cds,9
login,9
amonqth,9
thesepowerfu,9
panel,9
inv,9
unless,9
301,9
pocket,9
angel,9
oh,9
fuil,9
},9
jab,9
osdn,9
xim,9
duty,9
dist,9
09,9
illust,9
enlarg,9
thirty,9
51,9
isquit,9
br,9
onto,9
whereby,9
cred,8
cert,8
stev,8
mountain,8
79,8
sleep,8
tir,8
alcohol,8
includinq,8
98,8
meant,8
mer,8
batch,8
mrs,8
nig,8
everyday,8
airport,8
born,8
pic,8
aiso,8
beiiev,8
commod,8
entry,8
forrest,8
frequ,8
ook,8
septemb,8
sma,8
unsec,8
vaiu,8
capt,8
cross,8
imply,8
regardless,8
thursday,8
700,8
beg,8
catch,8
david,8
encount,8
envelop,8
greatest,8
ia,8
interview,8
janu,8
knew,8
laugh,8
lay,8
millionair,8
ny,8
obvy,8
paragraph,8
shown,8
tabl,8
themselv,8
troubl,8
recogn,8
las,8
abroad,8
broth,8
afr,8
weal,8
await,8
plant,8
chanq,8
severa,8
foot,8
loos,8
automaticaliy,8
havinq,8
isoverwheim,8
bargain,8
dow,8
flat,8
discontinu,8
fem,8
chat,8
xxx,8
rlces,8
challeng,8
trac,8
buildinq,8
presentaby,8
revers,8
indust,8
deserv,8
index,8
61,8
sto,8
chines,8
marketplac,8
reput,8
spread,8
bottl,8
stronger,8
thoma,8
54,8
aid,8
lawy,8
63,8
ban,8
blood,8
sep,8
therapy,8
healthy,8
wholes,8
lndesiqn,8
lintn,8
seekerc,8
vaness,8
da,8
king,8
lev,8
phar,8
cult,8
unbelivaby,8
signup,8
usd,8
der,8
aiia,8
disappear,8
corn,8
hong,8
kong,8
1998,8
shot,8
plain,8
ratio,8
whom,8
bia,8
load,8
becam,8
rid,8
impot,8
influ,8
fair,8
boss,8
ng,8
penet,8
screens,8
ciear,8
miam,8
229,8
flash,8
squ,8
attend,8
lpplng,8
sensit,8
tal,8
label,8
spirit,8
loqod,7
degr,7
lst,7
frust,7
222,7
89,7
drag,7
occas,7
demo,7
robert,7
fellow,7
bonus,7
04,7
delay,7
remit,7
unclaim,7
branch,7
colleagu,7
virtu,7
filt,7
addition,7
advers,7
af,7
deveiop,7
gig,7
homeland,7
landscap,7
liquid,7
newsiet,7
personnel,7
prec,7
reieas,7
reta,7
rfid,7
trap,7
appoint,7
demonst,7
pat,7
resolv,7
tradit,7
\,7
musc,7
broad,7
pk,7
thereof,7
105,7
chicago,7
dead,7
downlin,7
gambl,7
gav,7
hobby,7
intellig,7
junk,7
mid,7
pa,7
progress,7
stabl,7
testimon,7
ut,7
diamond,7
privileg,7
surv,7
tight,7
headquart,7
gov,7
pol,7
stronq,7
91,7
accompl,7
529,7
august,7
compil,7
reject,7
cnn,7
bul,7
dril,7
heat,7
infrastruct,7
ooo,7
skyrocket,7
smail,7
tripl,7
upward,7
cancel,7
holiday,7
madam,7
fui,7
routin,7
famili,7
outstandinq,7
artic,7
iost,7
isoverwhelminq,7
mand,7
om,7
sin,7
caught,7
ck,7
dragon,7
silv,7
dam,7
affair,7
enorm,7
deep,7
fertil,7
breast,7
duply,7
cast,7
32746,7
349,7
7025,7
brain,7
export,7
impl,7
incorp,7
matrix,7
mou,7
park,7
robot,7
termin,7
ct,7
po,7
tap,7
explain,7
inquiry,7
goi,7
dvds,7
lie,7
le,7
tun,7
court,7
favorit,7
encrypt,7
44,7
unlik,7
con,7
ext,7
teen,7
rcpt,7
ix,7
92,7
sub,7
desk,7
honesty,7
cartridg,7
fuel,7
nevad,7
hil,7
funda,7
cit,7
forwardlook,7
guangdong,7
invst,7
overwhich,7
prnewswire,7
securitiesact,7
bel,7
rum,7
glad,7
fak,7
socy,7
greet,7
automaticaiiy,7
convert,7
disast,7
lock,7
599,7
antivir,7
coupon,7
0400,7
btamail,7
lean,7
aicohol,7
strategy,7
vast,7
blow,7
terr,7
confident,7
sweet,7
herb,7
vot,7
orgasm,6
schedule,6
surg,6
`,6
bedroom,6
chas,6
wast,6
cat,6
wisdom,6
217,6
dragst,6
softtab,6
reliev,6
remedy,6
rr,6
laur,6
easiest,6
upgrad,6
consequ,6
dept,6
webmail,6
democr,6
oversea,6
secrecy,6
alb,6
uncondit,6
ain,6
affiiy,6
aiway,6
ay,6
fii,6
giob,6
handy,6
harsh,6
imit,6
malibu,6
mater,6
rf,6
tiny,6
withdraw,6
340,6
warm,6
67,6
dalla,6
dog,6
147,6
avenu,6
benef,6
brown,6
convint,6
hesit,6
insert,6
journ,6
middl,6
recruit,6
relax,6
semin,6
wealthy,6
feedback,6
map,6
vega,6
thereaft,6
trustworthy,6
whatev,6
yield,6
brit,6
acr,6
entrepr,6
input,6
eight,6
li,6
grat,6
mailto,6
nc,6
unbeliev,6
fiex,6
lauderd,6
eas,6
eastern,6
expiod,6
gear,6
highiy,6
ion,6
round,6
weil,6
hgh,6
499,6
newspap,6
lit,6
paperwork,6
packaq,6
blast,6
crav,6
diet,6
iook,6
206,6
lo,6
piil,6
eg,6
extraordin,6
sierr,6
destin,6
domest,6
nich,6
upsid,6
pound,6
stamin,6
wizard,6
unsuit,6
piec,6
reproduc,6
academ,6
anim,6
counsel,6
diagnost,6
georg,6
gradu,6
instru,6
scal,6
sequ,6
texa,6
went,6
forg,6
overlook,6
systemwork,6
chief,6
tril,6
shlppln,6
ap,6
arrang,6
dep,6
paradigm,6
char,6
virtuaiiy,6
220,6
fly,6
mb,6
3000,6
inbox,6
siqn,6
wing,6
oney,6
entrust,6
bond,6
pursu,6
transl,6
twic,6
appropry,6
bs,6
command,6
dispos,6
led,6
riv,6
samsung,6
francisco,6
sperm,6
spur,6
47,6
screen,6
decad,6
shippinq,6
informationto,6
xinhu,6
cdgt,6
scheduled,6
arm,6
shoot,6
indesign,6
aiready,6
baby,6
ianqu,6
inciudinq,6
smok,6
smel,6
uncov,6
yr,6
genuin,6
rar,6
lifestyl,6
slut,6
20032,6
20046,6
279,6
longhorn,6
mut,6
camer,6
auto,6
unfortun,6
envy,6
bind,6
ground,6
treasury,6
anym,6
245,6
prid,6
sun,6
defin,6
ps,6
hair,6
202,6
london,6
island,6
crash,6
florid,6
compat,6
ab,6
biank,6
fan,6
ject,6
quadr,6
interrupt,6
warn,6
38,6
coach,6
jp,6
ordin,6
avaiy,6
pin,6
che,6
unauth,6
gb,5
martin,5
apart,5
bl,5
frank,5
iov,5
pain,5
84,5
casino,5
payout,5
spring,5
undertak,5
3107,5
interv,5
mastercard,5
rip,5
163,5
furtherm,5
lottery,5
anderson,5
disburs,5
transp,5
dial,5
<,5
forgot,5
frant,5
confiict,5
couid,5
ema,5
historic,5
materia,5
og,5
paramount,5
pian,5
preserv,5
speciay,5
suppiy,5
transit,5
viewpoint,5
vnbl,5
smallest,5
pornst,5
wit,5
unhappy,5
strive,5
vet,5
41,5
aspect,5
beach,5
conserv,5
cyc,5
dav,5
des,5
devot,5
difficult,5
hrs,5
invalu,5
jody,5
md,5
pretty,5
sat,5
unproduc,5
worst,5
sustain,5
candid,5
inherit,5
jan,5
joseph,5
mem,5
adopt,5
victim,5
zimbabw,5
neighb,5
muitipy,5
53,5
tm,5
dis,5
intrigu,5
ge,5
0100,5
bag,5
plast,5
162,5
acad,5
bcf,5
belt,5
covet,5
emerson,5
expy,5
mi,5
natur,5
reservoir,5
soar,5
undervalu,5
unrecogn,5
vik,5
bb,5
funct,5
slash,5
sort,5
webmast,5
fuck,5
diplom,5
dentiay,5
meg,5
accid,5
lago,5
observ,5
verifl,5
entiay,5
difficul,5
evid,5
fight,5
hack,5
sud,5
foward,5
automaticay,5
186,5
cust,5
quay,5
battl,5
os,5
reap,5
split,5
stress,5
wouid,5
2007,5
buffet,5
telecommun,5
bor,5
examin,5
lon,5
deny,5
rent,5
1071,5
antonio,5
blend,5
divid,5
dte,5
intens,5
purport,5
tn,5
defer,5
nurs,5
symantec,5
virus,5
~,5
ring,5
turk,5
euro,5
netscap,5
203,5
wild,5
intrud,5
ur,5
additiona,5
fool,5
arch,5
fort,5
petrole,5
shap,5
ma,5
pharmon,5
medzon,5
onfidentiay,5
cloth,5
213,5
dan,5
alloc,5
mag,5
contend,5
dakot,5
vir,5
139,5
hotel,5
auct,5
hors,5
hang,5
poverty,5
grown,5
hir,5
principl,5
bureau,5
illino,5
chip,5
quant,5
rm,5
37,5
apr,5
pp,5
unus,5
ha,5
acknowledg,5
settl,5
hurry,5
anxy,5
cons,5
subsequ,5
exp,5
ely,5
thesec,5
bear,5
jm,5
hlpplng,5
theft,5
digimed,5
rmb,5
rav,5
friday,5
221,5
startinq,5
uid,5
unbel,5
bes,5
pplng,5
shl,5
fw,5
106,5
dig,5
kj,5
nkiy,5
tgobk,5
depot,5
shlppl,5
tom,5
97,5
cpu,5
everybody,5
lightn,5
lucr,5
chick,5
rem,5
inkjet,5
inch,5
recov,5
amongth,5
thesepow,5
skil,5
jam,5
joe,5
wavefrtl,5
unsatisfy,5
lib,5
ni,5
gar,5
wednesday,5
sugqest,5
cord,5
grad,5
nuclear,5
peak,5
broadcast,5
tiay,5
alcoho,5
season,5
planet,5
gret,5
iangu,5
stuff,5
aug,5
postfix,5
sem,5
jersey,5
regret,5
risky,5
234,5
merch,5
emot,5
lift,5
controvers,5
embrac,5
masterdisk,5
popt,5
roxxy,5
shebanow,5
vdg,5
viast,5
hormon,5
maint,5
specuy,5
123,5
81,5
airlin,5
194,5
abandon,5
ciail,5
relay,5
scor,5
refund,5
242,5
compon,5
ltc,5
ns,4
precy,4
newsgroup,4
spain,4
usernam,4
vlsa,4
allevy,4
laptop,4
pok,4
intim,4
ebook,4
scholarship,4
tour,4
clar,4
eth,4
indulg,4
kit,4
nt,4
pal,4
screenshots,4
zzzz,4
charl,4
nuk,4
priz,4
accru,4
deleg,4
forty,4
morg,4
superv,4
completeth,4
camp,4
depress,4
appy,4
eclips,4
empioy,4
evaiu,4
fue,4
goa,4
hoid,4
homeiand,4
nation,4
spe,4
truiy,4
vinobl,4
woridwid,4
1200,4
bundl,4
interfac,4
pixel,4
retriev,4
rs,4
wont,4
admit,4
chamb,4
pharmac,4
expedit,4
vaccin,4
470,4
555,4
couldn,4
cram,4
enclos,4
grumbl,4
incur,4
infl,4
merciless,4
mitchel,4
multilevel,4
pencil,4
phenomenon,4
skept,4
spout,4
wolf,4
begun,4
phas,4
tow,4
pha,4
russ,4
arrest,4
assassin,4
escap,4
esteem,4
lady,4
refug,4
condemn,4
farm,4
mugab,4
fir,4
schools,4
eff,4
stupid,4
tear,4
dant,4
hat,4
hpp,4
visioson,4
za,4
nlin,4
vi,4
glass,4
nos,4
mailin,4
expendit,4
inject,4
roof,4
steel,4
345,4
si,4
sick,4
aibert,4
bakk,4
bonanz,4
driil,4
eog,4
especialiy,4
estaby,4
financ,4
mmcf,4
muitipl,4
pinpoint,4
profiy,4
speck,4
strongest,4
tripy,4
227,4
pray,4
145,4
199,4
299,4
doz,4
finest,4
gend,4
overal,4
yellow,4
buck,4
renew,4
accredit,4
mba,4
smi,4
1999,4
automobl,4
decl,4
favo,4
rder,4
england,4
184,4
flexiby,4
cryst,4
ks,4
luxury,4
mech,4
rolex,4
asp,4
buoy,4
compiy,4
handsom,4
outperform,4
profitaby,4
reiy,4
row,4
seil,4
spel,4
stoc,4
tock,4
unprec,4
hewlet,4
packard,4
wear,4
2006,4
incub,4
sizzl,4
strike,4
telecom,4
vic,4
desert,4
felt,4
flight,4
saturday,4
comprom,4
floppy,4
colorado,4
contin,4
diseas,4
jurisdict,4
ol,4
recur,4
surgery,4
siratu,4
iow,4
sc,4
prey,4
guard,4
forex,4
1977,4
lllustrator,4
209,4
netnoteint,4
confus,4
breach,4
ea,4
isp,4
mainstream,4
upset,4
hel,4
eras,4
weapon,4
pump,4
866,4
amend,4
jen,4
occur,4
sand,4
purg,4
68,4
te,4
condon,4
149,4
ee,4
seo,4
discios,4
tweiv,4
utiy,4
virtuay,4
211,4
din,4
overnight,4
reciev,4
pam,4
suck,4
netherland,4
confidentia,4
ity,4
tablet,4
ican,4
96,4
560,4
greedy,4
screening,4
sus,4
1993,4
blueprint,4
complex,4
cpa,4
dev,4
endors,4
missour,4
mm,4
nas,4
overview,4
steph,4
vehic,4
chor,4
motil,4
insight,4
bev,4
conscy,4
til,4
volatil,4
edward,4
pls,4
club,4
guangzhou,4
merchand,4
stox,4
graand,4
soph,4
spin,4
dispens,4
bu,4
dil,4
hal,4
bin,4
cgi,4
liquit,4
milit,4
peac,4
rebel,4
worthy,4
cfm,4
perhap,4
ianguaq,4
1481,4
lndesign,4
171,4
palm,4
surveil,4
db,4
ibm,4
bjk,4
christian,4
ram,4
78361,4
8361,4
94107,4
sm,4
smartmortgageus,4
arab,4
smoo,4
oz,4
filthy,4
cu,4
900,4
bay,4
chevron,4
nv,4
ri,4
void,4
wv,4
ham,4
medica,4
rush,4
meanwhil,4
801,4
chos,4
195,4
entitl,4
richest,4
sil,4
avaiiaby,4
104,4
localhost,4
platin,4
ws,4
899,4
intuit,4
retouch,4
shortcut,4
unparallel,4
repl,4
219,4
503,4
die,4
daught,4
spous,4
1500,4
query,4
brief,4
dent,4
wary,4
medzonl,4
pharmonl,4
cart,4
cabl,4
beyond,4
criter,4
channel,4
136,4
192,4
display,4
5000,4
highlight,4
merril,4
upcom,4
turnkey,4
compel,4
disregard,4
thru,4
lng,4
medzonlin,4
shlpp,4
216,4
amerig,4
growthwrinkl,4
lisv,4
massand,4
memoryimprov,4
penil,4
skinnew,4
subscr,4
tonerevers,4
weightbuild,4
yourst,4
andrew,4
germany,4
band,4
athlet,4
alabam,4
arizon,4
idaho,4
lesson,4
mexico,4
coast,4
catalog,4
red,4
129,4
diagnos,4
saw,4
wav,4
recognit,4
bra,4
abel,4
ack,4
aquiiino,4
fiim,4
loy,4
portfoiio,4
teievid,4
indefinit,4
enquiry,4
exit,4
0001,4
april,4
burst,4
kingdom,4
101,4
254,4
deceas,4
cid,4
emov,4
enrol,4
wallet,4
74,4
ejac,4
setup,4
franch,4
pt,4
76,4
dri,4
caps,4
longz,4
forbid,4
embarrass,4
trick,4
adjust,4
myth,4
exclusivereward,4
immediateiy,4
aerospac,3
defens,3
merg,3
nasdaq,3
precid,3
inquir,3
pool,3
town,3
arrog,3
disord,3
tend,3
guest,3
illeg,3
cyb,3
lanquaq,3
touch,3
ros,3
nut,3
rw,3
yyyy,3
390,3
ballot,3
lump,3
unnecess,3
yoursit,3
cbn,3
convict,3
delt,3
discret,3
fourteen,3
hitch,3
ot,3
pdp,3
dol,3
steady,3
4000,3
actu,3
chemic,3
enaby,3
faciy,3
favoraby,3
heip,3
nuciear,3
petrochemic,3
reiiaby,3
stockhoid,3
vinoby,3
wireiessiy,3
pdf,3
photograph,3
widest,3
spot,3
surfac,3
context,3
oak,3
audy,3
besid,3
borrow,3
carl,3
esq,3
fing,3
ford,3
indee,3
jonath,3
moreov,3
sak,3
slip,3
struggling,3
taught,3
unemploy,3
van,3
icon,3
solid,3
conspir,3
daniel,3
distress,3
empty,3
kabil,3
tony,3
dee,3
oklahom,3
tod,3
goodby,3
preschool,3
armaceut,3
crim,3
365,3
630,3
950,3
colony,3
geo,3
suicid,3
ul,3
underwrit,3
bri,3
root,3
wood,3
alumin,3
assembl,3
bend,3
fruit,3
plat,3
reinforc,3
1323,3
33316,3
perl,3
ast,3
calcuy,3
heaithy,3
maiy,3
muit,3
over,3
piay,3
reay,3
special,3
wrongfuy,3
425,3
bol,3
horr,3
ultr,3
disc,3
telemarket,3
unb,3
cold,3
admir,3
diploma,3
phd,3
prestigy,3
prosp,3
sunday,3
plc,3
consign,3
pretend,3
uc,3
holland,3
ik,3
revert,3
orldwid,3
significantiy,3
cbs,3
nbc,3
oprah,3
lbs,3
prizemam,3
bow,3
fea,3
ought,3
quartz,3
tur,3
vvant,3
wind,3
winston,3
managerlpc,3
au,3
rog,3
201,3
prlc,3
afoot,3
aliow,3
asd,3
bump,3
chaff,3
cresc,3
dash,3
doil,3
fortuit,3
misiead,3
oretech,3
ort,3
pittsburg,3
previousiy,3
propry,3
pwcglobal,3
repsect,3
shail,3
upturn,3
waterh,3
westernsierramin,3
wsrm,3
canon,3
055,3
2009,3
335,3
buzz,3
iron,3
matthew,3
pour,3
shangha,3
costco,3
starv,3
suppl,3
crowd,3
swift,3
britain,3
detery,3
widow,3
flam,3
450,3
approx,3
biolog,3
chairm,3
dc,3
decreas,3
giant,3
houston,3
interf,3
ongo,3
propriet,3
ridg,3
skin,3
undergradu,3
annoy,3
247,3
tat,3
fx,3
vhs,3
vivid,3
fiexiby,3
gr,3
ray,3
satellit,3
song,3
ber,3
googl,3
straight,3
poetry,3
caut,3
geolog,3
rod,3
cosmet,3
mount,3
trib,3
worthwhil,3
128,3
esmtp,3
fe,3
regain,3
datapest,3
diiig,3
soiicit,3
ontario,3
relig,3
132,3
su,3
intrest,3
wellb,3
einstein,3
126,3
259,3
confront,3
fram,3
proport,3
ua,3
319,3
490,3
somehow,3
sondstrom,3
suz,3
zealand,3
230,3
296,3
background,3
breakthrough,3
consort,3
domin,3
foremost,3
fulfil,3
fus,3
hp,3
hydrog,3
induc,3
ingredy,3
intellect,3
japanes,3
jet,3
louisian,3
modest,3
nasd,3
navig,3
outlook,3
pipelin,3
prototyp,3
unveil,3
anthony,3
ky,3
beer,3
betray,3
confisc,3
congo,3
repos,3
bird,3
sim,3
anyhgh,3
bye,3
presum,3
effectu,3
abnorm,3
carbon,3
enforc,3
https,3
viol,3
680,3
aquisit,3
bree,3
debut,3
episod,3
huaguang,3
runsh,3
sreet,3
thay,3
xigu,3
acquaint,3
cabinet,3
hostil,3
cheapest,3
ub,3
82,3
vpopmail,3
ml,3
angl,3
pr,3
sant,3
overwhelm,3
bath,3
okmpo,3
strictest,3
cessful,3
ney,3
rldwide,3
suc,3
wo,3
861,3
endeavo,3
century,3
domino,3
fract,3
intranet,3
modern,3
scop,3
sen,3
alimony,3
astound,3
cloak,3
fbi,3
mammo,3
unl,3
wiretap,3
clip,3
dowlnoad,3
fidentiay,3
cus,3
crimin,3
homep,3
mediagroup,3
liiust,3
aiong,3
fa,3
seiect,3
whiy,3
wireiess,3
cr,3
sexy,3
suspicy,3
engr,3
isoverwhelm,3
coff,3
drink,3
lliust,3
scot,3
ldwide,3
stom,3
anheus,3
busch,3
cby,3
mitsubish,3
ral,3
sleepingdisord,3
stair,3
ving,3
vov,3
cock,3
horny,3
nasty,3
ascend,3
calm,3
opposit,3
len,3
payoff,3
nj,3
corrupt,3
custody,3
desp,3
magnitud,3
retain,3
pe,3
upto,3
arg,3
levitr,3
proposit,3
rap,3
mainoemst,3
edu,3
310,3
spok,3
luk,3
20058,3
429,3
adobechoos,3
microsoftchoos,3
afflict,3
crazy,3
resort,3
everywh,3
height,3
498,3
768,3
830,3
868,3
irm,3
preformat,3
scripts,3
versionsf,3
workspac,3
xml,3
bright,3
disciplin,3
fab,3
disput,3
divorc,3
inspect,3
multitud,3
deeply,3
earliest,3
extern,3
heir,3
johannesburg,3
onward,3
passport,3
occup,3
buik,3
187,3
320,3
homework,3
isoverwheiminq,3
ou,3
512,3
gat,3
intercours,3
ronald,3
throughout,3
irresist,3
slow,3
identiay,3
1990,3
bid,3
conjunct,3
crew,3
hungry,3
inflow,3
hassl,3
oct,3
alik,3
siqnificantiy,3
817,3
accel,3
diffus,3
hereinaft,3
indep,3
lynch,3
350,3
750,3
bord,3
dont,3
pac,3
sw,3
volunt,3
welf,3
cc,3
bew,3
multiply,3
johnson,3
pilot,3
164,3
phenom,3
sist,3
kbps,3
queu,3
realplay,3
seattl,3
fib,3
franz,3
pitch,3
cri,3
yard,3
indesiqn,3
bang,3
carolin,3
connecticut,3
hampshir,3
lap,3
lee,3
minnesot,3
oregon,3
pennsylvan,3
pul,3
push,3
shelt,3
utah,3
999,3
dirty,3
seventy,3
shirt,3
ski,3
weak,3
ww,3
alask,3
hawai,3
kansa,3
189,3
dispatch,3
duba,3
mercy,3
lzevaw,3
barb,3
zero,3
aal,3
ano,3
pledg,3
succ,3
dvr,3
ru,3
1996,3
bust,3
album,3
caiib,3
congiom,3
currentiy,3
wrongfu,3
safeharb,3
erectionhealthy,3
libidod,3
prefer,3
celebr,3
hvu,3
hvubl,3
postmast,3
1987,3
eurek,3
nys,3
audio,3
famiii,3
icens,3
internation,3
160,3
109,3
aj,3
coordin,3
elsewh,3
vp,3
workshop,3
compress,3
ocn,3
unbeiivaby,3
abund,3
wann,3
1997,3
diabet,3
magn,3
aicoho,3
002,3
random,3
green,3
humbl,3
3113,3
180,3
88,3
legisl,3
trig,3
candy,3
cumshot,3
thailand,3
dark,3
170,3
225,3
tuit,3
upfront,3
messeng,3
rub,3
caicuy,3
specia,3
symbo,3
facilit,3
tut,3
buychepm,3
structured,3
circumst,3
lasal,3
suspect,3
232,3
freebsd,3
rc,3
adapt,3
gloss,3
124,3
qu,3
adsl,3
23123,3
kzll,3
pharmonlin,3
threats,3
trip,3
mirac,3
comparison,3
demon,3
edt,3
refer,3
0500,3
169,3
na,3
mar,3
script,3
refresh,3
sacr,3
broch,3
cru,3
diap,3
atm,3
flip,3
monlin,3
prison,3
autolearn,3
rbl,3
amex,3
nov,3
exhibit,3
camera,3
cz,2
embed,2
lag,2
rb,2
1957,2
boe,2
lockhee,2
elliot,2
pity,2
swel,2
triumph,2
wc,2
fastwebsnet,2
verlfy,2
jack,2
ke,2
od,2
fad,2
841,2
chapt,2
pir,2
waiv,2
454,2
carlo,2
protocol,2
rhod,2
939134,2
disadv,2
disposit,2
eseimoku,2
fgn,2
mchineries,2
nddc,2
siphon,2
supervid,2
thosand,2
abs,2
sharp,2
opref,2
695,2
catherin,2
embassy,2
leap,2
vv,2
exception,2
potentiay,2
probiem,2
sha,2
ucr,2
vaiuaby,2
wholiy,2
327,2
433,2
464,2
660,2
delh,2
glant,2
hq,2
rediffmail,2
strengthen,2
libr,2
nerv,2
seat,2
pet,2
1979,2
618,2
725,2
827,2
990,2
aston,2
awhil,2
cher,2
distract,2
donald,2
fai,2
harvard,2
jacob,2
joy,2
kerry,2
moin,2
pan,2
portland,2
sarasot,2
savvy,2
schmidt,2
stanford,2
trump,2
wilson,2
cosmopolit,2
sky,2
aggreg,2
gryphon,2
rmonlin,2
spont,2
army,2
bodyguard,2
deter,2
dividend,2
drc,2
hereby,2
hopeless,2
plight,2
toppl,2
bug,2
freight,2
loot,2
protest,2
stanley,2
viabl,2
151,2
4589,2
craig,2
forfeit,2
lien,2
parcel,2
wayn,2
convieny,2
informationthank,2
exisit,2
engrav,2
shed,2
careless,2
classroom,2
dialup,2
olariu,2
ttyl,2
aqu,2
greasy,2
inhabit,2
app,2
1002,2
531,2
916,2
970,2
amt,2
column,2
surrend,2
emilio,2
harrison,2
persuas,2
tiffany,2
tion,2
amus,2
bucket,2
ceil,2
drum,2
hypoderm,2
juic,2
machinery,2
mathew,2
nail,2
pip,2
weld,2
hono,2
accumuy,2
buil,2
cios,2
coiony,2
equaliy,2
particuiariy,2
quadrupl,2
sharpiy,2
undervaiu,2
defend,2
nom,2
promo,2
erot,2
bachel,2
barclay,2
ssl,2
520,2
diego,2
affidavit,2
calend,2
ch,2
fruitless,2
kel,2
remind,2
apod,2
ces,2
emboss,2
pharmsho,2
prl,2
ffa,2
063,2
nowz,2
877,2
slim,2
behav,2
breguet,2
brietil,2
bvlgaries,2
carty,2
eleg,2
featuress,2
flnd,2
frankmul,2
harry,2
jaeg,2
lecoult,2
lovvpr,2
luv,2
sapphir,2
scratching,2
stainlesssteel,2
stainlessteelbody,2
tagheu,2
tongu,2
tud,2
waterproof,2
wick,2
heath,2
116,2
afft,2
usero,2
practit,2
worldw,2
aiign,2
argest,2
coiorado,2
factu,2
foreseeaby,2
materialiy,2
plum,2
specialiy,2
spiit,2
sti,2
vailey,2
758,2
8084,2
epson,2
ink,2
lexmark,2
ourmail,2
200081,2
breakout,2
cellul,2
cheng,2
chunk,2
cnnest,2
conduit,2
drgv,2
emarket,2
fla,2
flanig,2
guod,2
hidy,2
otcpk,2
sms,2
superbl,2
truck,2
unicom,2
hyperlink,2
afternoon,2
dorothy,2
mighty,2
oas,2
invas,2
iraq,2
lying,2
ho,2
agricult,2
ambit,2
assay,2
chris,2
clin,2
denv,2
dimend,2
dna,2
eighty,2
forb,2
ga,2
healthc,2
jap,2
jr,2
methodolog,2
mileston,2
molecul,2
nil,2
nyc,2
patholog,2
perspect,2
prost,2
richard,2
slaught,2
etern,2
springs,2
ado,2
usg,2
desktop,2
jewel,2
amou,2
harp,2
ireceiv,2
lucio,2
redeem,2
southafr,2
unforseen,2
mailpound,2
gut,2
iay,2
overdraft,2
pharmo,2
vest,2
clev,2
goood,2
spar,2
urin,2
ang,2
foe,2
egypt,2
jean,2
bus,2
handsfr,2
ily,2
iness,2
snowbal,2
limp,2
804,2
calg,2
compr,2
contempl,2
qoil,2
structural,2
botox,2
cellulit,2
armstrong,2
bracket,2
blasphem,2
ic,2
bat,2
maceutica,2
pigsty,2
eagl,2
endeav,2
herit,2
inspir,2
77,2
bericht,2
buff,2
een,2
ldap,2
niet,2
nl,2
ontvang,2
sta,2
181,2
engl,2
disappoint,2
grav,2
petty,2
shadow,2
shak,2
190,2
845,2
abcsearch,2
advertisersplash,2
clck,2
exactseek,2
fr,2
indexexpress,2
jayd,2
mamm,2
powerfultool,2
proft,2
residualincom,2
roi,2
seotool,2
sitepronew,2
spn,2
submitpl,2
traffc,2
vipprofit,2
winnipeg,2
presentiy,2
tockhold,2
410,2
cardhold,2
fedex,2
fish,2
offlin,2
?rea,2
cctv,2
ken,2
sandy,2
971,2
embark,2
lodg,2
152,2
invalid,2
mxo,2
humankind,2
tragedy,2
freightmart,2
disfunct,2
babylom,2
byzantin,2
compos,2
liberty,2
profound,2
likew,2
mzmail,2
qua,2
seaborn,2
cypherpunk,2
ssz,2
andy,2
crewm,2
mart,2
prescripiton,2
lilust,2
domainsforeveryon,2
intimid,2
314,2
407,2
516,2
burea,2
compound,2
destiny,2
dim,2
downs,2
garn,2
jud,2
laid,2
larry,2
splits,2
sue,2
cavem,2
coun,2
unimagin,2
362,2
840,2
dellac,2
fred,2
gl,2
myer,2
peoplewil,2
westport,2
z,2
74205,2
2400,2
359,2
626,2
91001,2
abdal,2
altaden,2
arroyo,2
autonom,2
bci,2
binkley,2
bioproject,2
blad,2
bronk,2
caltech,2
cargo,2
diesel,2
discrimin,2
divin,2
dmfcc,2
gps,2
gulat,2
hitach,2
ionfin,2
jpl,2
kukkon,2
lincoln,2
marvel,2
mcdonnell,2
methanol,2
microelectron,2
narcot,2
nec,2
nth,2
outsourc,2
propuls,2
qri,2
qwip,2
reson,2
rockwel,2
sandeep,2
sanyo,2
seaport,2
spatio,2
spawn,2
spectrasens,2
supercomput,2
tokyo,2
toshib,2
transform,2
treas,2
ultracomput,2
vialog,2
viaspac,2
vspc,2
adam,2
disturb,2
karl,2
pregn,2
sheep,2
spic,2
158,2
193,2
697,2
behavy,2
pdt,2
tempora,2
noun,2
sous,2
thirteen,2
blu,2
merc,2
abids,2
cot,2
emphas,2
freez,2
ivoir,2
mobutu,2
seko,2
ses,2
swiss,2
adress,2
871,2
360,2
chms,2
cwtd,2
drast,2
novemb,2
pattern,2
spik,2
threshold,2
death,2
spectacul,2
dlcatlons,2
prlce,2
incomplet,2
empir,2
armaceutica,2
ashl,2
pisc,2
sublim,2
tam,2
312,2
446,2
oy,2
046,2
182,2
bloxz,2
gus,2
lyel,2
cmd,2
fullest,2
prosecut,2
webscr,2
243,2
bloody,2
strange,2
threatened,2
overweight,2
anatom,2
agrocom,2
avg,2
stairway,2
stong,2
greenz,2
lce,2
monst,2
pharmsh,2
reh,2
blvd,2
quickest,2
33077,2
fixt,2
furnit,2
macy,2
throwing,2
impuls,2
injust,2
speech,2
youth,2
partsong,2
ret,2
coalit,2
utilitiesal,2
junip,2
732,2
94,2
compaq,2
holst,2
lg,2
lith,2
motorol,2
coc,2
1910,2
hr,2
jav,2
offsh,2
sql,2
nanny,2
babyhom,2
cinderell,2
pornost,2
xl,2
pharmshop,2
harmonlin,2
needlework,2
pharmaceu,2
tic,2
355,2
dirt,2
imprison,2
{,2
benchmark,2
1992,2
ec,2
intel,2
pcs,2
circuy,2
evel,2
fily,2
iquid,2
ogic,2
petrochem,2
profession,2
reliaby,2
speil,2
convers,2
seldom,2
emir,2
alkalin,2
tea,2
mort,2
realt,2
affordabowl,2
chew,2
cigarettez,2
exc,2
lookln,2
swing,2
2174,2
90210,2
rodeo,2
footbal,2
cla,2
prolocut,2
73,2
fwd,2
honey,2
theotcb,2
theu,2
tradingexhang,2
mensc,2
overvveight,2
bloodsh,2
hol,2
knock,2
tapestry,2
coin,2
thanksg,2
az,2
mn,2
delib,2
harcourt,2
junct,2
needless,2
offset,2
ramp,2
speedy,2
vist,2
endow,2
havem,2
lio,2
plng,2
shlp,2
gratitud,2
clash,2
doctrin,2
unjust,2
duddy,2
fuddy,2
idiot,2
labo,2
vint,2
2100,2
irvin,2
flu,2
vip,2
1890,2
alot,2
baez,2
groucho,2
marx,2
nod,2
smil,2
surf,2
421,2
adclick,2
pkl,2
annivers,2
nb,2
dag,2
pav,2
20055,2
275,2
dwel,2
ef,2
amput,2
burgl,2
consecut,2
dew,2
divert,2
jk,2
zum,2
kmart,2
communig,2
somewh,2
unfair,2
repay,2
brav,2
craft,2
intact,2
ory,2
applaus,2
youc,2
youhav,2
159,2
nomin,2
biograph,2
neck,2
0908,2
cybervers,2
infin,2
municip,2
custo,2
def,2
iin,2
multimed,2
nocturn,2
479,2
hk,2
jefferson,2
lex,2
ro,2
wrist,2
poet,2
burg,2
dsl,2
fri,2
parad,2
379,2
cb,2
capac,2
diaz,2
encompass,2
forego,2
yu,2
1252,2
facet,2
horizon,2
northern,2
extrud,2
lv,2
untrac,2
ect,2
starz,2
168,2
nsl,2
exhaust,2
reprint,2
seal,2
strikes,2
tamp,2
2500,2
conform,2
folk,2
conceit,2
7657,2
91306,2
9902,2
buddy,2
canog,2
winnetk,2
071,2
4535,2
89102,2
addict,2
dtel,2
ecommercetim,2
fsd,2
ggts,2
ggtsstock,2
gtts,2
helm,2
inir,2
interviewsemerg,2
keno,2
patrick,2
sahar,2
spreads,2
therefrom,2
trail,2
uncommon,2
watchindustry,2
barrel,2
gross,2
juny,2
powerpoint,2
southeast,2
thick,2
tie,2
ep,2
arub,2
cab,2
oranjestad,2
cris,2
troop,2
tub,2
27000,2
energet,2
netblah,2
mik,2
newest,2
3500,2
onth,2
cadav,2
cyn,2
pharmaceutica,2
eat,2
hath,2
libido,2
obes,2
yoyoforsheerjoy,2
91123,2
9223,2
98111,2
broadband,2
realnetwork,2
crisp,2
522,2
401,2
destroy,2
fierc,2
output,2
repuls,2
311,2
739,2
adr,2
alphabet,2
ben,2
berg,2
caso,2
columb,2
dad,2
dian,2
donn,2
funny,2
gard,2
grac,2
harvest,2
indian,2
kentucky,2
lis,2
loi,2
lyn,2
mailb,2
maryland,2
massachuset,2
michig,2
oldest,2
pit,2
plenty,2
potato,2
priceless,2
ridic,2
rosem,2
salem,2
scottsd,2
summit,2
tough,2
toy,2
vocab,2
weekend,2
yesterday,2
nationwid,2
cact,2
arkansa,2
delaw,2
montan,2
nebrask,2
ohio,2
wisconsin,2
wyom,2
peniss,2
ascrib,2
alger,2
bulgar,2
defil,2
desd,2
esoph,2
malays,2
pak,2
howard,2
millenn,2
lofty,2
ld,2
atisfy,2
dispers,2
livery,2
sva,2
foreclos,2
0311,2
663,2
stockhold,2
1314,2
856,2
resum,2
consideyellow,2
dealsuw,2
longest,2
shtml,2
stereo,2
wip,2
cyclon,2
eldest,2
025,2
ailow,2
conciud,2
consistentiy,2
easiiy,2
effectiveiy,2
its,2
tai,2
tity,2
atl,2
mv,2
orlando,2
removem,2
ger,2
abu,2
territ,2
undoubt,2
concert,2
resta,2
lumin,2
2150,2
33145,2
366,2
4157,2
786,2
8733,2
bubbl,2
correl,2
departmenthttp,2
dmiam,2
drawdown,2
estwi,2
eurekahedg,2
forexdaytrad,2
gdfx,2
hedg,2
hei,2
lagun,2
loraforexm,2
mansfield,2
religy,2
twentie,2
uncanny,2
valley,2
alain,2
doli,2
gener,2
publiciy,2
sever,2
zipcod,2
imageready,2
doesnt,2
dust,2
spreadsheet,2
assess,2
bomb,2
geograph,2
inceiv,2
outlin,2
rug,2
kat,2
070,2
compo,2
ipado,2
nagasak,2
sinnagasak,2
blond,2
freem,2
paus,2
102,2
aithough,2
capitay,2
ourseiv,2
whoy,2
cigaret,2
dry,2
617,2
freshest,2
msnbc,2
kxxjn,2
zymg,2
173,2
117,2
expon,2
philosoph,2
rost,2
dribbl,2
vig,2
bloomberg,2
coll,2
compl,2
elit,2
353,2
alex,2
hsbc,2
madrid,2
total,2
william,2
rot,2
innoc,2
jungl,2
pussy,2
090,2
deform,2
gimmick,2
unsight,2
vacu,2
ergonom,2
bestow,2
leis,2
255,2
598,2
impair,2
fest,2
whistl,2
confidentiaiit,2
asyl,2
bent,2
murd,2
patriot,2
reloc,2
tract,2
026,2
330206,2
builetin,2
deciin,2
quadrupy,2
sharply,2
kano,2
eariy,2
tzig,2
457,2
comb,2
departmentebay,2
therm,2
config,2
eil,2
7172,2
astut,2
afflu,2
tick,2
gaz,2
misfortun,2
stern,2
tgo,2
alleg,2
guil,2
0700,2
bbtec,2
yahoob,2
precaut,2
188,2
2270,2
ldupn,2
tabbouleh,2
whirl,2
155,2
837,2
937,2
harass,2
afast,2
cathol,2
checkl,2
childc,2
courtesy,2
endless,2
extracurricul,2
feas,2
fril,2
gasolin,2
grocery,2
hisp,2
inevit,2
insist,2
jew,2
mock,2
nursery,2
perceiv,2
pie,2
repaid,2
scholarships,2
shortest,2
simplest,2
slic,2
sought,2
spit,2
stringent,2
tast,2
templ,2
underemploy,2
unpredict,2
worksheet,2
carpet,2
obstruct,2
sculpt,2
horoscop,2
208,2
je,2
mes,2
que,2
abach,2
dem,2
afterma,2
stim,2
tact,2
83,2
neopl,2
tpnet,2
somebody,2
hait,2
contrast,2
ceremony,2
usl,2
amn,2
amnm,2
clks,2
003,2
dish,2
244,2
antenn,2
misrepres,2
rca,2
scheme,2
430,2
nameand,2
endocrin,2
guilt,2
neuro,2
pathway,2
guam,2
puerto,2
rico,2
treachery,2
enlight,2
explicit,2
earmark,2
iiiust,2
aerofoam,2
aerofoammet,2
ead,2
foam,2
hereto,2
itty,2
pgpu,2
pinksheet,2
pinnac,2
pinnaclegl,2
structura,2
illud,2
angey,2
calib,2
conglom,2
wrongfuliy,2
millen,2
ioref,2
251,2
stol,2
mau,2
541,2
1024,2
ddr,2
ghz,2
proxy,2
scsi,2
christmas,2
msg,2
001,2
005,2
empres,2
sua,2
tamb?m,2
ann,2
mac,2
goddess,2
290,2
610,2
710,2
hedland,2
isl,2
overhead,2
wala,2
011,2
erron,2
flaw,2
hyp,2
pursuit,2
sham,2
stab,2
bunk,2
aibum,2
directiy,2
douby,2
ltci,2
earnest,2
discharg,2
retdehol,2
stick,2
shel,2
appeas,2
iity,2
monu,2
northward,2
blackl,2
font,2
fant,2
dhurry,2
dilapid,2
improp,2
789,2
bpserver,2
kzl,2
steam,2
scroll,2
iilust,2
webcam,2
mc,2
ldups,2
2497,2
33155,2
6484,2
763,2
nospam,2
sendgreatoff,2
deduct,2
121,2
mxarray,2
mxserver,2
tld,2
sunny,2
punt,2
bold,2
morenewslet,2
esec,2
dns,2
bacch,2
509,2
viftxtol,2
poth,2
feb,2
hereand,2
clock,2
dilemm,2
payrol,2
revok,2
492,2
248,2
carp,2
multipart,2
sympathy,2
658,2
9978,2
brainstorm,2
creatorstol,2
jason,2
jasononlin,2
recr,2
illumin,2
grief,2
aph,1
bh,1
bilinear,1
breakup,1
cavi,1
cfb,1
clam,1
cosy,1
coz,1
dun,1
faust,1
irreplac,1
jze,1
kbv,1
lmt,1
offert,1
plp,1
polem,1
pqe,1
ruin,1
tqz,1
xv,1
xyu,1
yz,1
zex,1
236,1
aquir,1
bechl,1
gwih,1
gwihgwih,1
nelson,1
noticepend,1
ssa,1
storyacquir,1
storyclick,1
plot,1
vill,1
gnaw,1
mankind,1
tail,1
verlfl,1
amid,1
icyigloo,1
internetpharm,1
jkm,1
strain,1
282,1
mtg,1
elp,1
gkoppm,1
laayawrw,1
blackjack,1
bo,1
fling,1
gamlng,1
graham,1
hancock,1
highrol,1
matchless,1
roulet,1
roullet,1
rpvnltb,1
scoreboard,1
slot,1
sting,1
unmatch,1
astronaut,1
crab,1
dumb,1
fault,1
cwfqt,1
realoems,1
3121,1
cnet,1
copydvd,1
copydvdnow,1
formip,1
freew,1
ingeny,1
ntsc,1
pmnzll,1
sharew,1
svcd,1
vcd,1
visamastercard,1
vvvv,1
wkca,1
wwww,1
xsvcd,1
xvcd,1
xxxx,1
xbox,1
123542,1
22715,1
23133,1
6148,1
847,1
9318,1
disqual,1
drew,1
queensley,1
unwar,1
verificta,1
diary,1
strengthens,1
21362,1
buechnerwww,1
cabrer,1
homefastcash,1
immers,1
immort,1
jeezy,1
knot,1
rogersuq,1
moresign,1
annapurn,1
bhadr,1
bronagh,1
busyb,1
deirdr,1
dsay,1
gazel,1
himalaya,1
ish,1
jmason,1
jomsom,1
justin,1
liitl,1
mason,1
soggy,1
travelog,1
trek,1
wrot,1
especiay,1
fiil,1
ightn,1
locay,1
materiay,1
physic,1
possiby,1
wirelessiy,1
1035,1
651,1
931,1
933,1
alejandr,1
pvrefi,1
sett,1
marhtadown,1
2300,1
919820501457,1
919820640281,1
barod,1
chequ,1
cms,1
deept,1
dpi,1
gms,1
gui,1
inl,1
lightest,1
mobishop,1
mumba,1
neeedless,1
ocr,1
pun,1
sapr,1
viz,1
wellknown,1
avocet,1
bey,1
brash,1
bronx,1
comprehens,1
crypt,1
cyan,1
lediesnight,1
condom,1
detailsto,1
doesmat,1
durex,1
irbxid,1
isguarantee,1
ofstim,1
thatthey,1
yourpartn,1
1919,1
1969,1
chrono,1
knoweledg,1
3521,1
405,1
75219,1
aff,1
americantvandfilm,1
annound,1
atft,1
aviod,1
dilut,1
firstpetl,1
groom,1
household,1
lawn,1
petheal,1
transacts,1
unexpect,1
19424,1
1945,1
196,1
2161,1
2398,1
34229,1
34238,1
34276,1
39093,1
501,1
5722,1
60187,1
81719,1
92201,1
bardfield,1
boo,1
centerport,1
christin,1
corny,1
cpo,1
decemb,1
dillard,1
gerhart,1
glyn,1
harmless,1
hoot,1
indio,1
johnstown,1
kitch,1
letterm,1
lido,1
osprey,1
overload,1
paig,1
persist,1
randy,1
recess,1
reread,1
richmond,1
rourk,1
scratch,1
sl,1
trash,1
unforeseen,1
violet,1
wheaton,1
acces,1
contributionsto,1
powersel,1
smooth,1
condomin,1
highr,1
metropolit,1
mgm,1
strip,1
turnberry,1
verticallv,1
altru,1
anticlimax,1
clon,1
extermin,1
foorev,1
gripsack,1
hayrick,1
intercommun,1
inwov,1
pueril,1
rie,1
vict,1
kaserek,1
rashid,1
smuggl,1
timb,1
tussl,1
armandin,1
adequ,1
awfc,1
blair,1
burnt,1
fle,1
har,1
incumb,1
redistribut,1
secet,1
stanleywoodwork,1
woodwork,1
006,1
463,1
9359,1
beem,1
dfsll,1
hospit,1
iyoc,1
knetzg,1
robertson,1
rzeh,1
talkington,1
briannehold,1
breakthroughyou,1
oflwjwsonnkigarhp,1
qyfvkpfqgknf,1
qyfvkpfqgknfyou,1
tsj,1
xfocwg,1
ygr,1
yp,1
abargain,1
arrow,1
disney,1
henry,1
lawr,1
modem,1
walt,1
chalcedony,1
chessplay,1
crenel,1
curbston,1
devildom,1
filiform,1
gran,1
insup,1
ith,1
kolinsky,1
medzo,1
mmedz,1
unconnect,1
044,1
185,1
207,1
252,1
348,1
356,1
372,1
538,1
581,1
637,1
699,1
709,1
711,1
729,1
809,1
csv,1
lpremium,1
lynchburg,1
premiuml,1
protectorsm,1
ulfclo,1
captain,1
dcmy,1
elizabe,1
elv,1
eshop,1
geturdear,1
greenback,1
jarod,1
kory,1
prescrip,1
quin,1
rnetpharm,1
specialpr,1
sprouted,1
taablet,1
uom,1
wentwor,1
wgay,1
bakery,1
clamp,1
cup,1
cv,1
dehydr,1
faad,1
framework,1
hemost,1
housew,1
melamin,1
mesh,1
muffl,1
mug,1
polypropyl,1
retread,1
sanit,1
sarah,1
sn,1
sust,1
syr,1
technew,1
sportsbook,1
3302,1
siightiy,1
simii,1
1095,1
33467,1
561,1
5932,1
6788,1
742,1
9835,1
anabol,1
anodrol,1
equipos,1
ghb,1
masterbol,1
nomorel,1
sdi,1
sdilabsol,1
soldy,1
somatroph,1
sustenol,1
tgifcam,1
vascul,1
winn,1
051102,1
1628,1
1917,1
411,1
954,1
avid,1
discreetl,1
gendermail,1
gigabyt,1
hook,1
marketmak,1
masterdisc,1
maxdisc,1
metro,1
pitboss,1
livecam,1
orgy,1
231175433222211111111,1
3463,1
790,1
1009,1
ambros,1
conchy,1
contrapt,1
digraph,1
exalt,1
heroin,1
messiah,1
monoc,1
orm,1
pitiless,1
prowess,1
rmshop,1
roulad,1
slapstick,1
stult,1
successf,1
unhang,1
uninhibit,1
veryy,1
1380,1
92109,1
garnet,1
nbtnsbpa,1
22311,1
bti,1
href,1
aviationmr,1
avy,1
bran,1
ejoh,1
replyimmedy,1
sucid,1
willev,1
bareback,1
cevitam,1
circumnavig,1
cotillon,1
cratch,1
dissyl,1
fruct,1
impanel,1
lenticul,1
noni,1
shovel,1
strategics,1
undetermin,1
unquest,1
uus,1
thyself,1
hmuprzd,1
hung,1
strenuous,1
692,1
698,1
879,1
adolfo,1
5173,1
518,1
gji,1
intech,1
io,1
linuxnew,1
naorwnwbxbsttgvelamusb,1
sixnet,1
anto,1
bestq,1
burd,1
ccheap,1
cybersst,1
erb,1
gher,1
goodss,1
karenin,1
miaghka,1
nest,1
pea,1
princess,1
rag,1
reallyd,1
rook,1
smirk,1
splendid,1
stainlesssteelback,1
vievv,1
vvatch,1
wea,1
malw,1
newx,1
refid,1
afp,1
qml,1
beng,1
bluebird,1
compuls,1
corbel,1
diarchy,1
earthward,1
ellips,1
enchantress,1
hardy,1
harslet,1
hein,1
hig,1
muddl,1
pugnac,1
regurgit,1
souffl,1
ath,1
unsaid,1
obviousiy,1
tockhoid,1
11956,1
158545,1
77259,1
interestcredit,1
dragonv,1
primezon,1
runyu,1
xintong,1
ngpwmhmx,1
27540,1
gruel,1
hypnos,1
loseweightfast,1
cave,1
crud,1
cury,1
gob,1
hast,1
hov,1
humbug,1
noon,1
pek,1
scat,1
belove,1
collit,1
fatim,1
humanit,1
judicy,1
khalif,1
moham,1
rashee,1
sheik,1
freah,1
math,1
powerm,1
powermanl,1
res,1
superb,1
antitank,1
aussy,1
evacu,1
impass,1
malacc,1
pror,1
rectangul,1
savoury,1
seduc,1
unbutton,1
unimpair,1
unprompt,1
ven,1
20549,1
32430,1
4636,1
absorb,1
adenovect,1
adjunct,1
amc,1
bec,1
beckm,1
beckmancoult,1
beef,1
bio,1
biochem,1
biom,1
biophys,1
biotech,1
biotechnolog,1
blot,1
bry,1
bse,1
carcinogenes,1
cattl,1
chair,1
chronic,1
coult,1
cow,1
creutzfeld,1
cwd,1
darl,1
deer,1
eit,1
elk,1
exam,1
feedlot,1
fif,1
fluorog,1
forest,1
fullerton,1
gea,1
genet,1
genether,1
genom,1
geoffrey,1
gle,1
gtha,1
halt,1
hematolog,1
herd,1
hoof,1
immunolog,1
immunotherapy,1
impos,1
inadequ,1
infect,1
infecty,1
ita,1
itp,1
leom,1
livestock,1
milic,1
mortem,1
neary,1
newcastl,1
nw,1
oncolog,1
pcr,1
pharmacolog,1
physiolog,1
polymeras,1
prion,1
purivax,1
react,1
recal,1
reguard,1
repertoir,1
rna,1
roch,1
slag,1
smithvil,1
steep,1
swizterland,1
therapeut,1
tissu,1
toxolog,1
tse,1
tum,1
tw,1
vect,1
veterin,1
whe,1
widespread,1
wildl,1
xpent,1
xpng,1
architecton,1
frict,1
laity,1
clog,1
cruel,1
cuiqu,1
suum,1
myg,1
20257,1
50309,1
909,1
equit,1
ira,1
locust,1
17639,1
erik,1
ssi,1
tyu,1
bxr,1
classypeopleitem,1
grunt,1
km,1
ruby,1
slain,1
tent,1
toss,1
acct,1
appetit,1
vs,1
manuel,1
manuelokol,1
oko,1
northst,1
chantel,1
surfbuddy,1
faarakxavoxcadetxjpir,1
ksdk,1
shhhhhh,1
foulston,1
anotth,1
arrowy,1
buckram,1
clapboard,1
denticul,1
drift,1
ecum,1
eleusin,1
picturesqu,1
rechauff,1
sandblind,1
swatch,1
trapez,1
uptak,1
abstract,1
aud,1
bereav,1
contort,1
foppery,1
fulgurit,1
fustig,1
indestruct,1
mausole,1
susceiv,1
tarmac,1
timeserv,1
utica,1
vaticin,1
zonlin,1
1575332211111,1
aaliyah,1
achy,1
bangl,1
barber,1
batm,1
breaky,1
cyr,1
danny,1
elfm,1
flinston,1
freak,1
gonn,1
jackson,1
madonn,1
missy,1
rhym,1
spangl,1
barron,1
leadersx,1
21377,1
backward,1
certainy,1
infury,1
throat,1
byrdshot,1
1063,1
1426,1
1976,1
264,1
403,1
7668,1
77590,1
barnet,1
basin,1
biem,1
bishop,1
cameron,1
ccnmatthews,1
comtex,1
eastland,1
estockquest,1
exoc,1
fluctu,1
gardn,1
hay,1
memorand,1
midland,1
netty,1
questoil,1
refoc,1
sandston,1
smco,1
smsmobility,1
smso,1
southernmost,1
straddles,1
stratigraphic,1
stratum,1
unanticip,1
westernmost,1
11240,1
90230,1
bodyshap,1
culv,1
gpndq,1
hereadv,1
hydroderm,1
lvswinjqgxlx,1
01890,1
flag,1
winchest,1
dissert,1
humect,1
misconceiv,1
perpetu,1
phantasmagor,1
plenipotenty,1
rencont,1
sspecial,1
tercet,1
trecento,1
unmarry,1
vestry,1
viscid,1
anemoscop,1
cuisin,1
harder,1
nit,1
recend,1
vivac,1
aihf,1
appolog,1
aspir,1
hundrend,1
moon,1
09360007,1
172,1
204,1
21982,1
4031476,1
4916,1
82023290,1
backo,1
bereikt,1
bij,1
cbc,1
cest,1
clusterhost,1
enertel,1
evisp,1
freel,1
geadresseerd,1
gebruik,1
gegev,1
grot,1
haano,1
heeft,1
helaa,1
het,1
ilcampo,1
jaxw,1
jhrsn,1
limiet,1
mailadress,1
mailbericht,1
mailfold,1
meerd,1
namelijk,1
nem,1
onderstaand,1
opgegev,1
opnieuw,1
qmqp,1
smtpo,1
toegesta,1
wng,1
zijn,1
springmorqan,1
09360194,1
141,1
buon,1
cdlfnvprj,1
consegnato,1
deejaymail,1
destinatar,1
disponbl,1
esaurito,1
ffff,1
hanno,1
inet,1
italiano,1
lavoro,1
messaggio,1
scoaway,1
seguent,1
simbol,1
spazio,1
stato,1
suo,1
01210,1
24344,1
31212,1
casset,1
mrsa,1
outd,1
686,1
794,1
congr,1
socorro,1
batty,1
essent,1
foid,1
pium,1
voium,1
feiipaaguil,1
avirtualshop,1
0672,1
1300,1
289,1
371,1
416,1
6524,1
9364,1
addressess,1
cdrom,1
combo,1
expiry,1
reciept,1
spid,1
2800,1
acceso,1
alarma,1
atenci?n,1
atenderemo,1
compromiso,1
cont?ctenos,1
cotizaci?n,1
greg,1
gusto,1
intec,1
m?xico,1
metropolitan,1
negocio,1
nuestro,1
objetivo,1
protej,1
s?lo,1
satisfacci?n,1
seguridad,1
tayl,1
dorm,1
jamieson,1
jenn,1
jennamaxx,1
nak,1
penth,1
stacey,1
strips,1
sydney,1
tommy,1
uncut,1
0031,1
623,1
787,1
abscond,1
conset,1
forma,1
hereaft,1
infoeurop,1
inquest,1
lyco,1
mabo,1
moreso,1
nederland,1
notaglin,1
purchac,1
remun,1
supercharg,1
zaunp,1
zimmy,1
bellsou,1
deepest,1
untouch,1
320719,1
6521,1
6540595,1
9595,1
unblock,1
greenland,1
abyssin,1
adolesc,1
alic,1
barret,1
bunt,1
camill,1
campsit,1
conway,1
cowhid,1
855,1
adultwebmast,1
cassino,1
gamblinng,1
ndtxcpfjspwwtrkaxnxg,1
rkq,1
uncens,1
unrestrict,1
ytu,1
inanim,1
resign,1
anecdot,1
chemotherapy,1
cornflo,1
leak,1
marrow,1
merlon,1
noblewom,1
parnass,1
slangu,1
streaky,1
successfu,1
untrustworthy,1
dx,1
fsi,1
phentrimin,1
pmguid,1
acetyl,1
antagon,1
burgundy,1
craw,1
cress,1
lincoin,1
humy,1
lenderscompet,1
strefinance,1
281,1
4018,1
adminscrib,1
amountwithin,1
callth,1
coursesoff,1
epidem,1
goldmin,1
kcc,1
marsh,1
moneyjudg,1
operateout,1
saiy,1
skip,1
sspltm,1
uncollectedmoney,1
unpaid,1
cognit,1
disgrac,1
eoc,1
excell,1
flasket,1
goddaught,1
howl,1
irrit,1
lamell,1
pledget,1
plutocr,1
sart,1
subjug,1
trisect,1
15120,1
33906,1
61432,1
70058,1
71819,1
75201,1
frays,1
freeby,1
homestead,1
jodyin,1
kowloon,1
lav,1
pearl,1
quebec,1
sinatown,1
ston,1
thanx,1
veronneau,1
wong,1
agileconceiv,1
vjd,1
283,1
6310,1
6311,1
9558,1
976,1
alter,1
analog,1
atyt,1
automot,1
bdo,1
berkeley,1
biocomput,1
brcm,1
broadcom,1
buffalo,1
cdc,1
cornel,1
csmt,1
deeplook,1
displac,1
disrupt,1
dod,1
dougla,1
fabless,1
flashlight,1
footprint,1
grum,1
intercool,1
interferometry,1
ipodesktop,1
jsf,1
miny,1
molec,1
mrvl,1
muz,1
nanosens,1
nanotechnolog,1
neur,1
nois,1
northrop,1
nurt,1
nvda,1
nvid,1
pasaden,1
pepperdin,1
prat,1
prognost,1
purdu,1
quantit,1
raz,1
reus,1
rochest,1
sandisk,1
seidm,1
semiconduc,1
shoebox,1
sndk,1
southwest,1
spacecraft,1
spectromet,1
suitcas,1
surround,1
turbocharg,1
ultrasc,1
usc,1
vpsc,1
waf,1
whitney,1
xilinx,1
xlnx,1
fountain,1
guzzl,1
homemad,1
jeal,1
morpholog,1
romano,1
roman,1
balk,1
gordon,1
sixteen,1
horsesho,1
bash,1
chateaux,1
cry,1
eighteen,1
kongolo,1
morroco,1
remunerationf,1
safekeep,1
zair,1
bastid,1
carnet,1
conty,1
destinatair,1
entr?es,1
plusy,1
10128,1
1207,1
1369,1
energyinstitut,1
madison,1
mercantil,1
nymex,1
sept,1
structuring,1
syllab,1
terminolog,1
shiloh,1
anastas,1
labovitz,1
fisc,1
framo,1
agreem,1
contracr,1
formarl,1
masseg,1
reqy,1
blocksx,1
morrison,1
vakanty,1
cwtc,1
fgc,1
golf,1
hangzhou,1
macau,1
sym,1
tianh,1
tourna,1
wtcs,1
beam,1
breakthroughhug,1
colon,1
deg,1
ebt,1
emphysem,1
gallston,1
hern,1
hiat,1
hmo,1
kidney,1
lung,1
osteoporos,1
outpaty,1
tomograph,1
treadmil,1
aawesom,1
disb,1
falcon,1
loud,1
misinterpret,1
monotyp,1
ownt,1
repudy,1
someway,1
tral,1
netmech,1
onseek,1
submitexpress,1
mathem,1
scabbard,1
sword,1
armzonlin,1
chromic,1
hollow,1
indigest,1
intercom,1
lovesick,1
miliio,1
nerveless,1
overdraw,1
serrv,1
spark,1
sunward,1
?al??malar?n?zda,1
?er?evede,1
?er?evesinde,1
?lginiz,1
?nem,1
?ng?r?len,1
?ok,1
?yi,1
a??klaman?n,1
al?naca??,1
alaca??,1
alacak,1
ankar,1
anket,1
anketin,1
ara?t?rm,1
b?y?k,1
ba?ar?lar,1
ba?vurmay?,1
belirsizli?in,1
bilgilendirmem,1
bir,1
bulundu?umuz,1
cevaplar?n?n,1
cevaplayanlar?n,1
d???n?yorsunuz,1
d???n?yoruz,1
d?neminin,1
d?nya,1
dah,1
dikk,1
dolay?s?yla,1
dunyagazetes,1
ekonomik,1
erip,1
ermeyece?i,1
etkileyebilecek,1
g?nderebilirsiniz,1
g?nler,1
g?r??lerine,1
g?r??lerinizi,1
g?rd?k,1
garant,1
gazetes,1
gazetes?,1
geli?meler,1
geni?,1
gerekl,1
gerekti?in,1
herhang,1
i?in,1
i?inde,1
iletm,1
kamuoyunu,1
kapsaml?,1
karma?,1
kas?m,1
kesiminin,1
kim,1
kimlikler,1
kitlel,1
konud,1
konusund,1
m?mk?n,1
misin,1
nas?l,1
olabilir,1
oldu?unca,1
olmas,1
olmas?,1
oyu,1
partil,1
partiy,1
s?ralama,1
sa?l?kl?,1
sadec,1
se?imd,1
se?imler,1
se?imlerd,1
se?imlerin,1
siyas,1
sizc,1
sizin,1
sonras?nda,1
sonucunu,1
soru,1
ta??maktad?r,1
tahmin,1
tan?d?klar?n?za,1
tarihind,1
te?ekk?r,1
temel,1
tems?lc?l???,1
toplumumuzun,1
tr,1
ula?abilmesi,1
vereceksin,1
verir,1
vermey,1
y?n?nde,1
yap?lmas?,1
yap?lmayaca??,1
yapabilir,1
yapmaktad?r,1
yapmam?z,1
073,1
092,1
657,1
hammond,1
imperson,1
misappropry,1
oneself,1
52098236,1
88216,1
8821652098236,1
ammunit,1
bundu,1
intl,1
karesav,1
mikebundu,1
modesty,1
necessit,1
rasheid,1
rtd,1
stem,1
sufficy,1
tribesm,1
finch,1
iv,1
loseweight,1
xen,1
amo,1
brandnam,1
propec,1
wbm,1
distmatu,1
slam,1
058862,1
174,1
38191261,1
85396,1
bopl,1
clamsc,1
distort,1
hybeammail,1
inetu,1
qeeb,1
cisekldes,1
tmjitfsi,1
awok,1
bankrupt,1
cervin,1
ellipt,1
feud,1
paydesk,1
powwow,1
pyramid,1
scarecrow,1
seven,1
sympathet,1
687,1
batistich,1
concett,1
gh,1
otswkuk,1
wd,1
0651,1
8721,1
90069,1
amply,1
cp,1
monic,1
shaun,1
takeoff,1
tcigp,1
770594,1
mydebtsit,1
myhom,1
countertop,1
makeov,1
panason,1
plumb,1
remodel,1
sear,1
sony,1
spree,1
whirlpool,1
ymjscytxnvpf,1
greek,1
severest,1
lauray,1
hijack,1
securitytip,1
socket,1
anthropoid,1
anthropolog,1
exanim,1
flect,1
gauleit,1
impend,1
jaunty,1
melodram,1
metcast,1
mshop,1
mucil,1
pestil,1
phthisic,1
roum,1
selach,1
unstrap,1
vaal,1
woodbind,1
3109,1
32004,1
exquisit,1
imca,1
ineternet,1
uz,1
amphora,1
appal,1
atlon,1
doggon,1
ecolog,1
glossit,1
neolog,1
pallmal,1
repr,1
shingl,1
thul,1
unsubst,1
wolverin,1
meivin,1
hien,1
1457,1
3425342,1
5214,1
751,1
audiovox,1
bud,1
cablesl,1
ericsson,1
eudoramail,1
handspr,1
ipaq,1
leath,1
nextel,1
nok,1
qualcom,1
synt,1
usb,1
vii,1
01500,1
efl,1
nkzrotlw,1
rgbaz,1
1839,1
soccerw,1
unwel,1
activex,1
bea,1
coldfus,1
corb,1
crm,1
cryptograph,1
erp,1
extranet,1
foxpro,1
informix,1
jdbc,1
jrgbm,1
mids,1
odbc,1
orac,1
sybas,1
unix,1
wap,1
weblog,1
websph,1
wml,1
coward,1
hustl,1
housekeep,1
lookup,1
distmor,1
amtrak,1
arsin,1
bearberry,1
bluebil,1
brag,1
carrot,1
cathedr,1
claud,1
cowpox,1
afflat,1
arcu,1
aton,1
coldhard,1
confess,1
dd,1
flound,1
hect,1
infest,1
jobmast,1
metasom,1
mutil,1
redund,1
seich,1
underbuy,1
vers,1
woodengrav,1
coiff,1
contraind,1
deadend,1
heartsick,1
megg,1
millwright,1
pedy,1
suas,1
superl,1
unapprov,1
unev,1
wifeless,1
24772,1
317,1
decay,1
indict,1
lawsuit,1
netcommit,1
rand,1
unc,1
walmart,1
currentsupport,1
dissatisfy,1
guay,1
iik,1
ionq,1
looklng,1
qot,1
soiut,1
stal,1
toqetherwi,1
abit,1
amd,1
belkin,1
benq,1
bluecom,1
danmark,1
fourna,1
loung,1
motherboard,1
notebook,1
plext,1
taint,1
tariff,1
tft,1
vga,1
cyennpicahgf,1
dhfeo,1
dorathy,1
dei,1
ocay,1
bornfruit,1
cix,1
cryssy,1
gal,1
hiy,1
jeffersondarcy,1
jt,1
mandam,1
rpbw,1
xb,1
siyv,1
monolog,1
abdall,1
hoax,1
kaball,1
soonest,1
511771,1
acid,1
aptw,1
neut,1
sod,1
sheiiafitzgerald,1
bigprofithomeb,1
gag,1
nineteenshot,1
rickard,1
berlin,1
croon,1
frenzy,1
giovann,1
humboldt,1
mudguard,1
noscv,1
plaqu,1
renegoty,1
bvax,1
4750,1
tier,1
ureg,1
shrinks,1
aeronavig,1
bandeaux,1
catlon,1
chipboard,1
euphon,1
feath,1
fila,1
ineleg,1
inspiss,1
lithesom,1
medl,1
nettl,1
probblem,1
revid,1
sandstorm,1
tombol,1
untru,1
welshm,1
zmail,1
9531,1
buynxlc,1
ourlast,1
assort,1
cyberzon,1
dispatc,1
edy,1
hed,1
hovv,1
nephew,1
nomat,1
orderstat,1
peggot,1
pper,1
severetend,1
sor,1
unconcern,1
valuecreatorforal,1
womensheal,1
cavern,1
gloom,1
heap,1
journey,1
landingh,1
lantern,1
shout,1
stood,1
streak,1
unconscy,1
dagohevo,1
dmshushhb,1
hwd,1
instinct,1
outright,1
qxi,1
berth,1
betroth,1
labl,1
leftw,1
ooffr,1
pledelo,1
sinuos,1
sult,1
supern,1
troph,1
uncr,1
woodcraft,1
cie,1
darmow,1
dawac,1
gdzie,1
internecy,1
miejsc,1
mozesz,1
ogloszen,1
pomyslalam,1
pozdrawiam,1
stronke,1
walkerczesc,1
wlasny,1
zainteresud,1
ze,1
znalazlam,1
4140,1
benno,1
witty,1
1854,1
1859,1
1880,1
1908,1
1909,1
1929,1
395,1
collectorsinternet,1
cristin,1
mixt,1
nicecho,1
vf,1
xf,1
ak,1
mt,1
nh,1
nm,1
sd,1
vt,1
wy,1
kamel,1
wilsonkamel,1
431,1
alarm,1
amongst,1
apprehend,1
blackmail,1
dign,1
disarray,1
donot,1
ek,1
entiltl,1
incharg,1
lanct,1
laund,1
quat,1
spinfind,1
tomek,1
warr,1
searchl,1
telefonic,1
3943,1
erienw,1
freemail,1
hu,1
ntsj,1
lgw,1
armzmail,1
cannib,1
cherub,1
cobbl,1
defunct,1
diptych,1
emph,1
gimlet,1
heliac,1
mediev,1
misdeem,1
septuagen,1
lanqu,1
margaret,1
rosel,1
greensp,1
tijqsemw,1
xipwtobnf,1
leopoldowaiton,1
herbert,1
nnaj,1
trunk,1
5327,1
539,1
92614,1
keyston,1
reub,1
12390,1
38191228,1
7371,1
distland,1
localdomain,1
bevstarl,1
grimald,1
megast,1
coxr,1
eaf,1
ecommerc,1
prefix,1
upc,1
utilitiesl,1
wudo,1
yy,1
ksg,1
lambino,1
388,1
6087,1
gf,1
1534,1
921,1
947,1
boyffriend,1
faq,1
manhat,1
oldhtlheuhcclco,1
simpson,1
wiv,1
1939,1
231,1
302,1
guess,1
headand,1
lily,1
tomlin,1
wagn,1
423,1
flush,1
1001,1
8079,1
adi,1
dji,1
djiasm,1
lcl,1
lnasdaq,1
lsl,1
mcgraw,1
midcap,1
ndf,1
prt,1
reset,1
russel,1
1239,1
1339,1
14216,1
191694,1
fsyftn,1
jzmqakpko,1
kuhvzhfdm,1
soo,1
brovvs,1
engross,1
ked,1
mild,1
mitig,1
overexpendit,1
sail,1
severepain,1
shovvn,1
upright,1
vvay,1
womensc,1
4623,1
salt,1
whenev,1
8456,1
sitecrit,1
ssn,1
unconv,1
timesh,1
cens,1
replic,1
sad,1
valentln,1
christine,1
trafficmagnet,1
aer,1
cass,1
crepuscul,1
dows,1
duff,1
imp,1
picnick,1
sequest,1
slith,1
stucco,1
bab,1
paysit,1
afterthought,1
allay,1
apartheid,1
automat,1
bagley,1
baneberry,1
bayl,1
bedfast,1
camaradery,1
coachm,1
conrail,1
curry,1
dysplas,1
fasc,1
fisticuff,1
guidepost,1
hag,1
hencefor,1
huffm,1
libel,1
lug,1
milton,1
mound,1
pail,1
planoconvex,1
polariton,1
russo,1
scribners,1
snowsho,1
stiff,1
strand,1
tempestu,1
veldt,1
warpl,1
pako,1
114,1
157,1
hcm,1
intmail,1
anw,1
aoq,1
apw,1
automatisch,1
benachrichtigung,1
benachrichtung,1
bermittlung,1
den,1
ein,1
empf,1
erstellt,1
fehlgeschl,1
fetr,1
folgend,1
ist,1
jochenfechtel,1
nger,1
zustellstat,1
334,1
383,1
clu,1
landlord,1
schooling,1
visitng,1
deadlin,1
midnight,1
goneforgood,1
orbt,1
4651,1
5088,1
796,1
flcg,1
qvfq,1
tl,1
vukl,1
dir,1
fcke,1
esh,1
moko,1
throne,1
willey,1
1600,1
369,1
8000,1
addressdatabas,1
apartn,1
behappy,1
bringyo,1
businessabet,1
bycountry,1
chanceof,1
contactyo,1
continuo,1
customerswho,1
developingand,1
emailaddress,1
emailc,1
emaildat,1
forfast,1
individualshavegr,1
interestedin,1
itshigh,1
listsorsoftw,1
mayord,1
meetyo,1
millionsof,1
mostst,1
peng,1
pleaseref,1
potentialcustom,1
sendmultipl,1
setupglob,1
speedandlow,1
spreadingaround,1
supplyvalid,1
thefam,1
theirproduc,1
theseemail,1
throughemail,1
toknow,1
tooff,1
tora,1
uswi,1
utilizinginternet,1
varietyof,1
wcast,1
wealso,1
wewil,1
whichcontain,1
wholeworld,1
xinl,1
youo,1
youtouseemail,1
alvaro,1
emancip,1
slavery,1
yourselv,1
maynard,1
gossip,1
vitamin,1
alab,1
avers,1
bonefid,1
incid,1
bathymetry,1
blackfac,1
crest,1
decenniad,1
dupery,1
eyebal,1
imbroglio,1
jargon,1
podagr,1
preconceiv,1
under,1
rop,1
spinnin,1
1003,1
266,1
comvisit,1
daysturnkey,1
deliveryyou,1
subprim,1
usaon,1
usp,1
languaq,1
shanaemorg,1
casket,1
cloac,1
iceland,1
incurv,1
needlegun,1
rhapsod,1
shoop,1
splenic,1
suffoc,1
theolog,1
trickery,1
uncoin,1
undisciplin,1
admixt,1
alight,1
depl,1
disfig,1
excret,1
mizzl,1
palud,1
rooky,1
stanz,1
zygom,1
allianz,1
bonusdex,1
flexdex,1
powerh,1
powerhouseon,1
8222,1
alsd,1
beinterest,1
comdavid,1
davidp,1
phonehttp,1
sameweb,1
stadiumto,1
vato,1
ywh,1
714,1
afdt,1
alfonso,1
botany,1
chopard,1
essenceandc,1
franky,1
gudget,1
highperform,1
ier,1
mosh,1
mul,1
nick,1
rsrg,1
shannon,1
thesam,1
ymw,1
enact,1
frenchm,1
scen,1
trembl,1
hlk,1
oqqo,1
overgrown,1
plazajm,1
vhck,1
1877,1
1925,1
chees,1
christopher,1
cook,1
darlington,1
dislik,1
marian,1
mmmmm,1
morley,1
parachut,1
turbonet,1
cupboard,1
dimply,1
impromptu,1
malnutrit,1
newton,1
osierb,1
puffin,1
rre,1
thyroid,1
unarm,1
unfold,1
unworn,1
50028,1
949944,1
csic,1
eel,1
fd,1
prirodu,1
requirem,1
utbxcuhepuffbnkwq,1
metaph,1
slang,1
superst,1
loray,1
061,1
068,1
1911,1
2020,1
440,1
480,1
60540,1
burgeon,1
chgi,1
claus,1
concess,1
elko,1
geochem,1
geophys,1
gigawat,1
glacy,1
lod,1
napervil,1
outcrop,1
oxid,1
rawhid,1
reconnaiss,1
senty,1
unp,1
untap,1
uran,1
vein,1
vicin,1
1450,1
clark,1
empow,1
fuur,1
goldlead,1
inforrm,1
prspctl,1
streamline,1
swallow,1
backfil,1
chromolithograph,1
extens,1
maraud,1
nuc,1
permafrost,1
pollin,1
quaint,1
screechy,1
trry,1
unabridg,1
wallow,1
508,1
sg,1
42745,1
hrbhnau,1
cinemax,1
elvin,1
filtersppv,1
goto,1
hbo,1
ondemand,1
ppv,1
simon,1
31261,1
3573,1
38191017,1
distmetkarmetk,1
seanet,1
16822,1
1980,1
33710,1
3918,1
50049,1
50707,1
5399,1
667,1
absult,1
acryl,1
duel,1
fromluca,1
holograph,1
lightsab,1
mint,1
northsaint,1
nouc,1
petersburg,1
skywalk,1
vad,1
willit,1
palac,1
salut,1
stuck,1
growthmarket,1
ssva,1
evelynlb,1
iylo,1
lti,1
wab,1
frederick,1
beprocess,1
offal,1
smy,1
ardi,1
10118,1
1280,1
1972,1
agow,1
anew,1
arneson,1
chapm,1
compensatedeight,1
cruc,1
exploit,1
flirt,1
introducedford,1
lain,1
lastmonthsprl,1
merit,1
midtown,1
por,1
predetermin,1
proxim,1
pud,1
rig,1
saskatchew,1
shorefac,1
simult,1
sixty,1
tristatecapit,1
tscintroduced,1
1075,1
3750,1
94515085,1
gel,1
joel,1
rxoo,1
comit,1
cree,1
perpet,1
rmscy,1
sawhors,1
katharin,1
actual,1
dak,1
drown,1
freetown,1
leon,1
personel,1
plead,1
seneg,1
stell,1
gateway,1
modul,1
unliquid,1
yen,1
animos,1
citizenshow,1
reveng,1
threaten,1
9652,1
9779,1
cyuh,1
kl,1
rdh,1
1631,1
280,1
andersontop,1
finallon,1
sandell,1
stewartthank,1
warez,1
warezcd,1
asap,1
keeg,1
apicult,1
barnstorm,1
disarrang,1
keepsak,1
moor,1
sentryunit,1
telescop,1
toothsom,1
tractil,1
unstick,1
basetel,1
wealthnow,1
178,1
backupmail,1
edv,1
mittwaldmedy,1
stangl,1
alacarteresearch,1
mooney,1
questionnair,1
comhuon,1
cchoose,1
choosefrom,1
choosy,1
customerss,1
gget,1
greatestpr,1
madeof,1
qbdy,1
shion,1
tassel,1
thrown,1
80112,1
8900,1
englewood,1
realaudio,1
realrhapsody,1
realvideo,1
lotsonet,1
2968,1
ztvwo,1
zuyw,1
essex,1
hadn,1
munoz,1
provencaux,1
roy,1
soak,1
calomel,1
cleancut,1
insurrect,1
libertin,1
matchlock,1
nightm,1
oredress,1
organplay,1
overhear,1
shortwav,1
squand,1
squint,1
unfavo,1
072,1
482,1
838,1
anunauth,1
departmentpayp,1
pleaseunderstand,1
thepayp,1
412,1
lorac,1
loracserv,1
blanch,1
cardiac,1
derick,1
donny,1
enr,1
flew,1
glowlineens,1
janel,1
kazuko,1
ktracsy,1
odess,1
overthrew,1
rebbecc,1
recapt,1
rixranxn,1
sash,1
snatch,1
xs,1
yv,1
josefin,1
0977,1
allmeric,1
casual,1
reb,1
14092,1
330,1
527,1
673,1
6897,1
ach,1
akron,1
altem,1
arcado,1
arellano,1
arl,1
atlant,1
avonm,1
balko,1
baltim,1
barbar,1
barfield,1
beep,1
bern,1
bernadin,1
bibl,1
blackm,1
blight,1
brook,1
camarillo,1
cambridg,1
carlson,1
caseybil,1
caseyvil,1
castl,1
caym,1
champ,1
climb,1
coffey,1
colvil,1
complain,1
concord,1
contest,1
copeland,1
courson,1
crayon,1
deborah,1
debr,1
diciaccio,1
dick,1
dold,1
donov,1
dor,1
dorado,1
dress,1
dundalk,1
durham,1
eckerson,1
elain,1
esc,1
esch,1
ethel,1
fatigu,1
freep,1
garden,1
garfield,1
gaylord,1
giggl,1
ginny,1
goggin,1
goldsch,1
grandkid,1
grandp,1
grandson,1
greeley,1
greensboro,1
halpin,1
hampton,1
hartland,1
havertown,1
heartfelt,1
heartwarm,1
horb,1
hord,1
huh,1
huntington,1
hurley,1
hypnosisdownload,1
irv,1
jamestown,1
jerry,1
joan,1
jord,1
joyc,1
judi,1
judy,1
kathleen,1
kay,1
kei,1
kellog,1
kick,1
kidwarm,1
kiefn,1
lan,1
leo,1
lewiston,1
linck,1
lind,1
lizbe,1
loren,1
marilyn,1
mcal,1
mccoll,1
meadow,1
middlesboro,1
millm,1
mmm,1
moan,1
moneyhon,1
montgomery,1
mullennix,1
munarin,1
naa,1
nannet,1
nant,1
nicodem,1
oggy,1
oglethorp,1
olson,1
oswego,1
outgrew,1
paul,1
perry,1
perryton,1
petwarm,1
peyron,1
phyl,1
pickel,1
pimpl,1
plantz,1
playst,1
pocketwarm,1
ran,1
randolph,1
rayn,1
robinson,1
roland,1
sack,1
salv,1
sandpoint,1
schertz,1
scratches,1
scream,1
shear,1
shelton,1
shirley,1
shor,1
shust,1
springfield,1
squawk,1
string,1
summersault,1
sunscreen,1
suzan,1
tabith,1
takach,1
tansil,1
tasty,1
trenkl,1
tul,1
twil,1
uplift,1
vail,1
vick,1
vicky,1
victor,1
waygood,1
webp,1
wee,1
winds,1
wint,1
worm,1
youngest,1
breakfr,1
luxmail,1
kayieen,1
cooky,1
oreo,1
upwhyvkg,1
boat,1
bulkexpert,1
cafeter,1
competet,1
despit,1
eigh,1
freckl,1
goofy,1
grab,1
gravy,1
gree,1
gun,1
gur,1
intraday,1
knif,1
lifejacket,1
lunch,1
mash,1
mask,1
oop,1
pony,1
portray,1
qs,1
rollercoast,1
scar,1
scraggly,1
shotgun,1
sink,1
snippet,1
stockbrok,1
stuffy,1
tee,1
tidy,1
unst,1
upsw,1
wheelchair,1
xyz,1
alyss,1
centralr,1
circlet,1
desc,1
galoot,1
inferno,1
jailbird,1
ostrogo,1
overrod,1
smoothfac,1
sprocketwheel,1
tuberculin,1
unspoilt,1
vermou,1
workss,1
bsad,1
ced,1
genuineloghom,1
learningl,1
precut,1
eew,1
mississipp,1
vermont,1
enrich,1
quintess,1
ren,1
sherm,1
agil,1
arboret,1
brocket,1
conchoid,1
dork,1
lamphold,1
lifebelt,1
reconcil,1
wherry,1
abramov,1
emess,1
antun,1
coppead,1
ufrs,1
abond,1
allah,1
almighty,1
becuas,1
btw,1
enviado,1
ibrahim,1
salim,1
servicio,1
sitio,1
162182,1
18525,1
1879,1
1956,1
bcqqf,1
ejwludroy,1
fxw,1
qaxvogcpu,1
xj,1
48463,1
bourahl,1
clair,1
dhjommto,1
krabick,1
kzxgvamvlenkvnmo,1
meid,1
omahahttp,1
spearsu,1
278,1
7893,1
95615221,1
johnl,1
vbvfl,1
zkcc,1
fronty,1
lifesp,1
longev,1
okay,1
rash,1
sank,1
kary,1
aonp,1
bee,1
discomfort,1
eet,1
highcholesterin,1
knovv,1
lovv,1
ly,1
mys,1
nce,1
painreliev,1
rous,1
sexualheal,1
sted,1
surgeon,1
ttle,1
vvalk,1
vvorld,1
weary,1
weightctrl,1
wou,1
djf,1
aphrodit,1
cattlep,1
dement,1
hammersc,1
hemisph,1
interconnect,1
macrocosm,1
myst,1
newg,1
oppid,1
orna,1
punct,1
ssfull,1
tattoo,1
weath,1
headach,1
tycoon,1
doorstep,1
fic,1
macintosh,1
pho,1
toshop,1
robertsl,1
theleadmanl,1
chhfb,1
wjodybxdzknt,1
1111,1
anvasetc,1
ars,1
obsolet,1
realon,1
florentin,1
96814,1
honolulu,1
jobslog,1
blomqv,1
567842,1
1120,1
8960,1
bwl,1
fragr,1
korshun,1
lgbyte,1
mbyt,1
pcb,1
roundest,1
telesy,1
telesystem,1
yan,1
376,1
juanit,1
ntb,1
rosario,1
kklynszb,1
asl,1
chlorous,1
deport,1
fidget,1
greenery,1
hydra,1
inamorat,1
interpenet,1
pharmaz,1
scribble,1
scut,1
shuffl,1
sybarit,1
toast,1
unedit,1
worrk,1
1903,1
drivr,1
additionaliy,1
ciassic,1
cks,1
infiuent,1
samir,1
comhum,1
hereyou,1
cntr,1
dayton,1
famtriptravel,1
informa,1
laud,1
seclud,1
smyrn,1
09359984,1
32974,1
adultpaysit,1
fn,1
sys,1
acy,1
cethr,1
deeff,1
desh,1
dthe,1
eetim,1
eslon,1
ew,1
eyo,1
gwit,1
hin,1
hou,1
incon,1
ireand,1
kno,1
ldwi,1
nds,1
ppin,1
rea,1
rien,1
rmvol,1
shi,1
spu,1
thr,1
thread,1
tra,1
ttowel,1
twa,1
umeby,1
uraland,1
urs,1
vol,1
wn,1
wnbra,1
xual,1
xuald,1
yof,1
6316465,1
6348495,1
bridg,1
dhab,1
emiratestend,1
oilfield,1
sharjah,1
teamtel,1
uaeenquiry,1
137,1
24817172,1
angelsonoccas,1
discostu,1
jh,1
ldupmn,1
stcelebrate,1
bart,1
021,1
3118,1
6893,1
7211,1
883,1
iahr,1
ircinconlin,1
isb,1
pbxd,1
yxfl,1
zunf,1
tort,1
austral,1
profitless,1
slid,1
thepeopl,1
1533,1
715,1
731,1
760,1
7785,1
795,1
8424,1
92003,1
bonsal,1
curricul,1
hilton,1
mcle,1
tennes,1
vil,1
waikol,1
align,1
smallcap,1
coiumb,1
craftsm,1
ghia,1
lifestyy,1
litty,1
lumb,1
maen,1
maisonet,1
offic,1
paney,1
positiveiy,1
prefabr,1
retaiy,1
soiid,1
umb,1
undiscov,1
winton,1
afterward,1
linxiao,1
tombrandon,1
qkppfiui,1
boast,1
easyadpost,1
peterson,1
slad,1
ubycvsk,1
1658999,1
hwjw,1
dreamwav,1
1982,1
alternativetry,1
andmuch,1
dummy,1
foryourself,1
infoworld,1
scheduling,1
useabledatabas,1
2012,1
brack,1
cagr,1
cobr,1
coh,1
compact,1
contamin,1
contraband,1
deepsc,1
deploy,1
dfmc,1
electromagnet,1
gamm,1
geoloc,1
gis,1
nasa,1
sew,1
spectrometry,1
timefram,1
wastew,1
1019,1
267,1
323,1
35806,1
aboutth,1
aboutvenit,1
cick,1
comcopyright,1
excerptfrom,1
experienceth,1
geni,1
getmethru,1
guestbook,1
huntsvil,1
ignit,1
jingl,1
medit,1
midway,1
misus,1
monrov,1
mystery,1
newslettervenit,1
nugget,1
paradox,1
paramet,1
promiseyou,1
someoneels,1
songha,1
stressthe,1
thatlead,1
thecopyright,1
todayit,1
venit,1
weigh,1
wherev,1
wisdomth,1
262,1
341,1
armand,1
bartlet,1
granddaught,1
shav,1
breathtak,1
17996,1
19673,1
30519725,1
antoniop,1
nway,1
anamorph,1
anglophob,1
angstrom,1
apert,1
artichok,1
basebal,1
baselin,1
brisk,1
bryc,1
bun,1
buzzword,1
canfield,1
chauff,1
cloy,1
cob,1
concret,1
confer,1
contraceiv,1
customh,1
cypr,1
derby,1
disquietud,1
drol,1
electr,1
eston,1
extrins,1
farmland,1
fern,1
fisch,1
flung,1
foothil,1
franc,1
gaur,1
glim,1
gray,1
haughty,1
immeas,1
linole,1
longfellow,1
mala,1
needlepoint,1
obsc,1
onomatopo,1
ostens,1
pax,1
pocht,1
quasiperiod,1
semest,1
shin,1
spart,1
sylv,1
tayan,1
thiamin,1
thornton,1
tollg,1
trytoph,1
woost,1
3237,1
415,1
703,1
arefresh,1
building,1
coml,1
peakimpact,1
robertswww,1
rocketlead,1
towww,1
unpaus,1
xango,1
0004,1
00076,1
01019,1
050719125947,1
09360393,1
149285,1
269,1
6081,1
64000,1
675,1
925,1
aa,1
fp,1
freenet,1
fukuok,1
gbr,1
ja,1
kremp,1
lduppc,1
lduppd,1
mbox,1
nttpc,1
pll,1
retry,1
timeout,1
beiief,1
contro,1
eciips,1
fuliy,1
fist,1
hotty,1
kinky,1
tit,1
aneurysm,1
nonsmok,1
pacemak,1
tba,1
tobacco,1
vaidaweek,1
hamm,1
hes,1
ipmlgbit,1
tiffinyfletch,1
26371545,1
dateal,1
elektronik,1
lni,1
lotto,1
nzoomail,1
pcp,1
rowland,1
skdclan,1
statut,1
vanbel,1
wwwpuntocom,1
3098358,1
avery,1
colomb,1
guerrill,1
mey,1
salina,1
tabloidez,1
60185,1
8066,1
876,1
appra,1
roosevelt,1
hero,1
97438,1
airway,1
belgrad,1
chloride,1
fadzilah,1
gaconniehttp,1
pereiraru,1
rodg,1
abort,1
olugbad,1
allocut,1
alluv,1
boxc,1
cyst,1
edlc,1
harmshop,1
homog,1
leadsm,1
levitic,1
necropsy,1
pelerin,1
sfi,1
stencil,1
strychnine,1
supposit,1
surrejoind,1
surrog,1
trisyllab,1
unlaw,1
unm,1
adin,1
113,1
1269,1
1914,1
777,1
buyonlinrm,1
kaveljyowkto,1
slo,1
txtol,1
vug,1
whatsoev,1
14123,1
24815387,1
atlanticasp,1
workforcemet,1
fromth,1
kilim,1
nomad,1
pazirik,1
pers,1
craziest,1
freeky,1
shit,1
0625,1
860,1
aren,1
gdi,1
landmark,1
netlead,1
resold,1
stacy,1
0800,1
354,1
396,1
571,1
7479,1
9463,1
deject,1
flashmail,1
orthodont,1
retroscreen,1
robvofjfdx,1
sanchez,1
tyr,1
virolog,1
wrack,1
bray,1
meantim,1
ark,1
persev,1
snail,1
107,1
483,1
678,1
708,1
843,1
britton,1
youv,1
0109,1
406,1
brother?ffffae,1
dul,1
jbtfcz,1
jumpstart,1
mund,1
sexin,1
xerox?ffffae,1
benz,1
bibliophil,1
bimonth,1
edlcatlon,1
fatid,1
handbal,1
harmazmail,1
mmg,1
phaeton,1
plantain,1
stickl,1
upborn,1
voltair,1
woodgr,1
buddh,1
caucas,1
kodachrom,1
02539,1
2896,1
edgartown,1
mvwin,1
hatch,1
ripoff,1
07047,1
bestoff,1
ianquaq,1
rupert,1
hannah,1
riskin,1
siobh,1
climax,1
enhancersdirect,1
lubr,1
straw,1
21204,1
321,1
87521812,1
964,1
beid,1
caf,1
chen,1
coincid,1
cts,1
eag,1
ejym,1
enjoymed,1
folkl,1
gdcts,1
growth,1
napkin,1
outlet,1
phrases,1
placem,1
primetim,1
shenzh,1
showcas,1
showgood,1
siem,1
towson,1
trendy,1
urb,1
wrigley,1
zhongw,1
0367826,1
720662,1
7903518,1
8366410,1
abba,1
alhaj,1
arrear,1
basel,1
baselabba,1
bonfir,1
deduc,1
div,1
hbcbk,1
honbank,1
indivis,1
irrevoc,1
nul,1
ubn,1
partypok,1
qdwlougj,1
espoey,1
hcdc,1
tetm,1
voj,1
vtmhuy,1
fain,1
3247,1
ryt,1
8834,1
dvdxxxvideo,1
granny,1
lezbo,1
lezbonet,1
lickin,1
megaplex,1
midget,1
nakedmail,1
plex,1
pmb,1
pornstarspl,1
squirt,1
streams,1
toon,1
toonmegaplex,1
tranny,1
unavail,1
xxxvideoplex,1
abneg,1
heref,1
thisdgsrw,1
tmc,1
105043,1
107780,1
1144,1
1796,1
kb,1
lussv,1
mtiyn,1
ogcgbh,1
xxm,1
repons,1
zoraidaguerr,1
dread,1
length,1
nonsuccess,1
scary,1
stretching,1
5500,1
cpunk,1
disconnect,1
keyboard,1
reconnect,1
threads,1
bfl,1
ble,1
allud,1
blist,1
coadjut,1
devit,1
felicit,1
groundsel,1
helt,1
inexpy,1
nnew,1
ntiay,1
shakedown,1
tosh,1
crohn,1
hypertend,1
intestin,1
steroid,1
23031,1
92692,1
alumn,1
blew,1
blitz,1
elbow,1
glory,1
ipo,1
leagu,1
lockout,1
makeup,1
mls,1
nba,1
nbl,1
nfl,1
nhl,1
prelimin,1
qbs,1
reun,1
seamless,1
snap,1
sonoit,1
spni,1
threatens,1
totty,1
turmoil,1
viejo,1
wsr,1
youl,1
atom,1
billow,1
drowsy,1
exsicc,1
kibbl,1
melliflu,1
metaphys,1
nnee,1
pitfal,1
thereout,1
trousseaux,1
wriggl,1
beco,1
egret,1
580,1
625,1
amnesty,1
botswan,1
bradford,1
forsaw,1
fourt,1
gemston,1
gland,1
gooday,1
intergr,1
invad,1
machek,1
mbek,1
mdc,1
pf,1
phir,1
thambo,1
usdoll,1
valery,1
zanu,1
723,1
981,1
aobeb,1
commsco,1
helpdesk,1
remgro,1
tjvs,1
fiow,1
realiy,1
siight,1
stiil,1
abuj,1
arismanshonikon,1
bayels,1
conferm,1
dignit,1
enroot,1
fid,1
intest,1
ionescu,1
perfidy,1
prevail,1
shonikon,1
shymail,1
smack,1
ultimat,1
uneth,1
unsuccess,1
cbxsales,1
dhl,1
glasglow,1
slightiy,1
underpr,1
jumpsocy,1
burs,1
colloqu,1
indefens,1
kilomet,1
plainclothesm,1
rivalry,1
surpass,1
tang,1
townspeopl,1
varicolo,1
warpa,1
4432,1
814,1
marqu,1
zndnioays,1
pricest,1
ulc,1
911,1
ox,1
zelm,1
idl,1
nicotin,1
reliaquot,1
admerch,1
asses,1
clickthr,1
fakeoutdoorsm,1
glovechang,1
warmest,1
95125,1
aprecy,1
hamilton,1
jos,1
understad,1
20108,1
92298,1
kyl,1
laserjet,1
okidat,1
xerox,1
oncxbv,1
pmoney,1
270,1
397,1
9010,1
9059,1
bmbll,1
dmelo,1
secco,1
chelse,1
853,1
baham,1
boatyard,1
brady,1
cannon,1
catskil,1
churchwom,1
corpor,1
movl,1
hotrespond,1
varpro,1
vartrack,1
vouch,1
wendy,1
cenesp,1
sanch,1
santistatextil,1
256,1
546,1
amanah,1
buis,1
cortraunt,1
cusip,1
halalmortg,1
hllf,1
ijar,1
inlin,1
intermedy,1
islam,1
keystrok,1
mahmood,1
musharak,1
muslim,1
rib,1
tariq,1
thereby,1
theuk,1
chil,1
crush,1
indiff,1
redoubt,1
struck,1
warry,1
atchison,1
babbit,1
bell,1
cheaply,1
purhas,1
softforfast,1
felix,1
nemo,1
09360462,1
10024,1
220056020109,1
46679,1
50346,1
50352,1
50355,1
amavisd,1
cdsnet,1
internetcd,1
285,1
6609,1
nonaffy,1
rrcs,1
unouth,1
wangxd,1
24815595,1
389,1
513,1
59899,1
59909,1
802258,1
9603,1
avscan,1
bfad,1
clamuko,1
eb,1
fbcfbdl,1
hrnoc,1
lk,1
mxl,1
nel,1
pasentertain,1
qmtp,1
rrrhythms,1
covert,1
hossain,1
quaz,1
quazihossain,1
ankl,1
blown,1
crept,1
doorway,1
farth,1
gril,1
perplex,1
puzzl,1
ue,1
brooklyn,1
eddy,1
flaccid,1
hoars,1
leroy,1
rear,1
complaint,1
lifelong,1
scurlock,1
turnkeyim,1
126432211,1
aredit,1
ceck,1
cpproved,1
536,1
644,1
952,1
amston,1
stark,1
xnd,1
axew,1
gent,1
headforemost,1
jeet,1
newsbenefitnow,1
plung,1
sidewalk,1
airsh,1
ampo,1
companionway,1
disp,1
fello,1
headston,1
impregn,1
impugn,1
obl,1
rocketry,1
thingamy,1
benedictin,1
colourblind,1
disincorp,1
goldfinch,1
haemophil,1
ignominy,1
omnirang,1
quiick,1
brut,1
fairy,1
tu,1
chattingil,1
datingiday,1
homeitry,1
musicih,1
tota,1
georgettalow,1
1010,1
26307,1
38190577,1
816554,1
distinctmartin,1
ipbfl,1
kyoto,1
fallon,1
00225,1
?tait,1
?tranger,1
?tudes,1
ains,1
arrang?,1
assassin?,1
aura,1
aurez,1
auss,1
avec,1
avez,1
ayez,1
b?n?fique,1
banqu,1
beniss,1
besoin,1
bonjo,1
cacao,1
caf?,1
cet,1
chef,1
confy,1
d?cid?,1
d?penses,1
d?pos?,1
delafoss,1
deux,1
dieu,1
du,1
enf,1
engag?s,1
exigeon,1
fait,1
feu,1
fid?lit?,1
fr?re,1
h?ritage,1
humilit?,1
inqui?tude,1
jour,1
les,1
m?me,1
martyr,1
mis,1
moi,1
nou,1
p?re,1
partenair,1
partir,1
pas,1
pourr,1
pourra,1
pr?vu,1
prendr,1
prouv,1
qui,1
recevez,1
rembours,1
remet,1
rue,1
seul,1
soci?t?,1
sont,1
souhait,1
tou,1
tout,1
tr?s,1
tr?sor,1
venir,1
vou,1
voulon,1
adew,1
blk,1
cok,1
det,1
irrespect,1
regim,1
untim,1
astrolog,1
biorhythm,1
ching,1
numerolog,1
ouij,1
psych,1
tarot,1
kimb,1
nicaragu,1
rein,1
moshedelaney,1
simpiy,1
demol,1
xunep,1
backroom,1
bard,1
dishclo,1
inf,1
knavery,1
protoplasm,1
saucebox,1
sobriquet,1
tappet,1
untrod,1
385,1
hloy,1
melynd,1
30516641,1
5021,1
505,1
935,1
978309,1
antonioantonio,1
baco,1
clamdsc,1
coopvit,1
hotlink,1
glov,1
needham,1
forby,1
jeff,1
noandby,1
mbol,1
puls,1
rong,1
sy,1
wallstreet,1
261,1
447092868687,1
ax,1
fyi,1
immens,1
kennedy,1
learnt,1
sterl,1
thompson,1
timkennedyo,1
trunt,1
watchword,1
1451,1
3652,1
44561,1
affid,1
getrespons,1
waterfal,1
zool,1
1730,1
92606,1
redhil,1
trin,1
bello,1
mustaph,1
usm,1
requisit,1
0363,1
gmt,1
straightline,1
crossfad,1
hue,1
mp,1
segu,1
adjut,1
ambidext,1
firkin,1
iiy,1
inexpress,1
nevertheless,1
topograph,1
unrestrain,1
yoou,1
7915,1
angry,1
brib,1
centbank,1
fornow,1
ktt,1
mallam,1
mallamyusuf,1
ourref,1
surpl,1
telex,1
themoney,1
useless,1
xol,1
yusuf,1
minick,1
mortb,1
shopnow,1
2636,1
284,1
50003,1
adel,1
pandem,1
2466,1
300299717499832716,1
772,1
823,1
breakthroughrepair,1
cg,1
hush,1
komv,1
lpmqkubnnlwnhhi,1
owgr,1
uexug,1
uexugth,1
wsfoclxkmsyflo,1
xgab,1
kirkbridebuild,1
curios,1
noblest,1
sul,1
procmail,1
spool,1
var,1
1373,1
2306,1
40245,1
502,1
741,1
8154,1
?ffff,1
cd?ffff,1
datapaid,1
dorshir,1
fright,1
injury,1
jeep,1
layoff,1
louisvil,1
moreof,1
others?ffff,1
pallet,1
pancak,1
paycheck,1
pent,1
suppliers?ffff,1
themail,1
truckload,1
steak,1
aftead,1
alterc,1
bacill,1
behavio,1
ccessful,1
circumlocut,1
destitut,1
earthquak,1
gastronom,1
outpost,1
rollick,1
swat,1
syphilit,1
trifo,1
woork,1
abovetelefax,1
airb,1
approvalsbef,1
asth,1
becauseof,1
cannotreleas,1
creek,1
filelet,1
foreignremit,1
forit,1
hasappear,1
indicateyo,1
intendto,1
keny,1
kq,1
mailsurf,1
officialsin,1
recyc,1
sumof,1
thefund,1
thisbusy,1
tinubu,1
tocom,1
totalamount,1
unitedst,1
wifeand,1
willcom,1
wiseth,1
writingyou,1
ystyxapg,1
lew,1
availab,1
minunt,1
overwork,1
114900,1
849,1
toolset,1
wavefrontl,1
workflow,1
krist,1
plz,1
upt,1
surefiremarket,1
0489,1
8403,1
xpjk,1
zmsx,1
deprecy,1
ensil,1
galact,1
gazog,1
octarchy,1
pli,1
sequo,1
1087,1
24632,1
amateurpetit,1
amateursmut,1
ampl,1
ampleam,1
coed,1
hott,1
petit,1
smut,1
smuttiest,1
stack,1
tourl,1
clant,1
hugevirtuousitem,1
albeit,1
attaind,1
attir,1
bedtim,1
boar,1
chameleon,1
chesapeak,1
chisel,1
chronography,1
clockwork,1
clothesm,1
colz,1
deoxyribonuc,1
duan,1
esmark,1
fanny,1
gunsl,1
hawthorn,1
hepburn,1
herald,1
huzzah,1
inflex,1
libretto,1
mcdougall,1
morristown,1
muzo,1
palfrey,1
penultim,1
pepperon,1
perspicu,1
pirog,1
rambl,1
sapl,1
segov,1
slung,1
tanzan,1
waterway,1
lsiah,1
luth,1
carpetbag,1
fumig,1
grang,1
higgl,1
hypnot,1
journales,1
necroscop,1
objectless,1
oniony,1
pharmz,1
prick,1
rediscov,1
rightward,1
slangy,1
tiffin,1
youthh,1
blaz,1
commerciay,1
fo,1
loth,1
morenewslettersl,1
personay,1
lamot,1
livingillud,1
shan,1
uys,1
extra,1
liion,1
pettito,1
pharmazm,1
slowcoach,1
spurg,1
tarantul,1
viaduc,1
992002,1
breakthru,1
duo,1
esoy,1
hopoallerg,1
lookyoungnow,1
strenghtens,1
sxjrohvneydjgucyfa,1
wrinkl,1
classic,1
juiy,1
unsuitaby,1
cpm,1
ecpm,1
mmathew,1
platinumadnetwork,1
synergy,1
zedo,1
norasweeney,1
cfil,1
cuty,1
itom,1
jcyk,1
oqulup,1
qp,1
134,1
218135092134,1
dorca,1
pittm,1
jthomason,1
stephain,1
binghamton,1
citron,1
crunch,1
decoy,1
mclaughlin,1
minstrelsy,1
qrklx,1
reimov,1
skylarkchamf,1
anyhow,1
bewild,1
pang,1
brev,1
haunt,1
lingery,1
susp,1
baref,1
lor,1
ouellet,1
benin,1
consul,1
daigonos,1
juli,1
pelv,1
previleg,1
willb,1
zongo,1
7131,1
embaras,1
levltrr,1
merldl,1
oss,1
tadalafil,1
xan,1
0003,1
24815886,1
axantil,1
chantelleart,1
chantellehawai,1
ldupmy,1
srvl,1
turquo,1
wz,1
acrimony,1
admix,1
buttermilk,1
connallyatalant,1
damsel,1
drib,1
eject,1
elegiac,1
episcop,1
fujitsu,1
molt,1
percy,1
prizewin,1
pullback,1
tentac,1
terramycin,1
viennes,1
vishnu,1
weasel,1
0567,1
1530,1
530,1
567,1
927,1
ireland,1
pd,1
uns,1
arman,1
cindy,1
loop,1
marcil,1
overstock,1
rayb,1
stip,1
sunglass,1
chrissy,1
133,1
freeserv,1
summertim,1
040,1
beforeju,1
beinterrupt,1
recordson,1
valuedpaypalmemb,1
willperiod,1
yourpayp,1
melendez,1
myrt,1
bulletproof,1
noit,1
sohu,1
10006,1
24815823,1
deboel,1
giga,1
elvir,1
maildrop,1
mda,1
sbin,1
tempfail,1
urjc,1
usr,1
processinq,1
degrad,1
260,1
fastref,1
grabador,1
7040115431,1
bangkok,1
bernard,1
bernardmcarthy,1
businessm,1
chey,1
declear,1
dub,1
guarrant,1
humil,1
lou,1
mcarthy,1
myway,1
philantrop,1
qest,1
saud,1
tha,1
tid,1
trag,1
traum,1
tsunam,1
unserv,1
ashleesimon,1
1121770867,1
144,1
16008,1
30516347,1
6986571,1
96584,1
css,1
env,1
heur,1
messagelab,1
spaminfo,1
spamreason,1
starsc,1
viruscheck,1
2397,1
776,1
cpuld,1
lic,1
mos,1
posses,1
predica,1
sest,1
stranger,1
288,1
6661,1
sic,1
110520,1
125217,1
125219,1
125220,1
125223,1
193557,1
196445,1
257853,1
270063,1
304735,1
32342055,1
32357817,1
61463,1
810348,1
810810,1
87905,1
?tens,1
a?o,1
abaixo,1
acim,1
aguardando,1
ajud,1
amostr,1
assunto,1
aten??o,1
bast,1
boc,1
bucha,1
c?digo,1
cadastrado,1
cilindro,1
cliqu,1
com?rcio,1
como,1
comp?e,1
completo,1
conjunto,1
cont?m,1
contato,1
curto,1
dentad,1
depto,1
desenho,1
deses,1
devem,1
direciona,1
dominio,1
eixo,1
eleva??o,1
empilhadeir,1
ent?o,1
entalhado,1
equipamento,1
est?,1
est?o,1
estamo,1
fabr,1
fabrica??o,1
fabricamo,1
hailson,1
hidr?ulicos,1
hor,1
hyst,1
importado,1
ind?stria,1
ir?o,1
j?,1
junho,1
mei,1
n?o,1
nenh,1
noss,1
nosso,1
novo,1
oxxl,1
pe?as,1
pino,1
porqu,1
possu,1
precis,1
prest,1
quadro,1
quebr,1
reaproveitamento,1
receb,1
recebendo,1
reposi??o,1
rolamento,1
roldan,1
roldana,1
rolet,1
s?o,1
santo,1
sds,1
seu,1
seuemail,1
sob,1
soldado,1
subconjunto,1
substituido,1
suport,1
telfax,1
tipo,1
todo,1
tor,1
tra??o,1
troc,1
vai,1
venda,1
vid,1
voc?,1
vosso,1
ceas,1
denmark,1
0815,1
086,1
09886,1
133777,1
23463,1
6313168,1
7596,1
8339082,1
887960,1
?ga,1
?ine,1
?se,1
?tha,1
abqewvbgf,1
adshw,1
ail?n,1
aileen,1
ailin,1
aishl,1
alph,1
amand,1
amurtagh,1
andre,1
anewlo,1
annem,1
aofarachain,1
arabenl,1
astrae,1
at?,1
automail,1
baint,1
balla?,1
beirt,1
bekk,1
bergkv,1
briseadh,1
broin,1
carberry,1
carraig,1
carthaigh,1
ceol,1
ch?il?,1
cheannach,1
choile?in,1
civel,1
coitiant,1
croth,1
daith,1
damhs,1
damhsa?,1
daoin,1
delany,1
dhamhs,1
dhamhsa?,1
dhl?thdhiosca,1
donkey,1
doyl,1
droichead,1
duit,1
eircom,1
eorn,1
esatclear,1
f?idir,1
f?il,1
faherty,1
fao,1
fh?ir,1
fh?mhair,1
fhiontarlan,1
gairid,1
genesy,1
ghuidhir,1
gorm,1
guilfoyl,1
h?g?in,1
hins,1
i?l,1
iinet,1
iol,1
ionsa?,1
jf,1
kalla,1
leana,1
looksmart,1
luain,1
luimn?,1
m?ire,1
mcgowan,1
mea,1
mear,1
measc,1
meeh,1
mh?la,1
moir,1
n?,1
nichuir,1
nua,1
ogbvl,1
oscair,1
physiciansblend,1
plunket,1
portugalmail,1
r?ic?,1
raghallaigh,1
rathcairn,1
rte,1
s?og,1
se?in?n,1
solvo,1
spb,1
staic?n,1
swelund,1
t?,1
thora?,1
thuam,1
tinet,1
tobin,1
tonna?,1
tr?d,1
ucd,1
unidiplom,1
uplin,1
waltz,1
yumhjn,1
29264,1
beggin,1
jiz,1
porno,1
screaming,1
sexiest,1
wet,1
codicil,1
conquest,1
doom,1
ego,1
gab,1
ginnery,1
gudgeon,1
hypothes,1
hyssop,1
metay,1
noctambulizm,1
oday,1
popcorn,1
rochet,1
badpain,1
breez,1
chern,1
comingupthebest,1
highpr,1
jealousy,1
orang,1
rescu,1
rxdrugs,1
wlv,1
ya,1
bullet,1
3324,1
5317,1
55304,1
6933,1
affix,1
alittl,1
andord,1
andperc,1
andso,1
andyo,1
anotherbatch,1
appearson,1
ason,1
beprompt,1
businesstoday,1
changeit,1
christie,1
conservativeth,1
consumerprotect,1
dayserv,1
deskin,1
doesnot,1
eachf,1
eachof,1
easymoney,1
entireshow,1
financialfreedom,1
forreport,1
foundmy,1
fridl,1
gainsvil,1
generatefrom,1
greedyand,1
grumbledto,1
guidlin,1
gwaukesh,1
hahnl,1
howit,1
iceberg,1
ifin,1
ihad,1
inreport,1
intruct,1
jodytot,1
later,1
latersh,1
lineand,1
littleth,1
looseany,1
mailingreceiv,1
mailseach,1
mailsleg,1
mailsord,1
mailsthey,1
makepretty,1
manytim,1
marketingpract,1
mel,1
moneystart,1
monthsfrom,1
moreyou,1
muchbet,1
nameof,1
netord,1
neverbeliev,1
newsl,1
nextfew,1
nickelsp,1
niels,1
ofon,1
ofpocket,1
onal,1
ordersto,1
otherchang,1
othersto,1
outon,1
peoplewho,1
peopleyou,1
processagain,1
radisson,1
resond,1
returnf,1
savethem,1
simpleinstruct,1
simplestep,1
startedon,1
startedto,1
startup,1
stepsl,1
stillcom,1
thatyou,1
theend,1
thenext,1
theprogram,1
therear,1
thereport,1
theresimply,1
thesimpl,1
thewhol,1
thisd,1
tho,1
tomak,1
tosend,1
towait,1
tryand,1
wasleg,1
waukesh,1
whenth,1
whichreport,1
willachiev,1
wilmont,1
wof,1
youdid,1
yourcomput,1
yournam,1
ardeil,1
,1
010,1
0115,1
atla,1
blowdamovy,1
dvdcopyxp,1
freeq,1
id?xo,1
spambit,1
spambyt,1
309,1
7378,1
ricardol,1
errrect,1
fifth,1
pond,1
scum,1
21846,1
475,1
bruc,1
darn,1
defect,1
gosh,1
jip,1
knockoff,1
mold,1
soltu,1
superink,1
tipton,1
wax,1
di,1
fromexpery,1
fromprov,1
hotlin,1
minimum,1
buyorbt,1
industryindustry,1
neveragain,1
ralliedand,1
kaazqchn,1
aly,1
apophthegm,1
archim,1
coryph,1
exord,1
groomsm,1
handbil,1
health,1
maladmin,1
montic,1
sful,1
steepl,1
undecid,1
unsearch,1
unsown,1
emc,1
altr,1
maildom,1
siddh,1
bugl,1
contus,1
cuboid,1
fulv,1
hydrargyr,1
intract,1
manifold,1
pold,1
pudend,1
purseproud,1
rect,1
underdid,1
untry,1
mcskjfirglkckubuvfiwwp,1
uqouq,1
bui,1
jumbo,1
ciass,1
sely,1
abdull,1
alm,1
kuwait,1
miscel,1
rez,1
someday,1
wall,1
tynish,1
1026,1
2404,1
28830,1
306,1
8091594,1
9172,1
diazg,1
donnel,1
javy,1
jorg,1
misapropry,1
multin,1
ocho,1
sevevteen,1
suarez,1
09176,1
176,1
2010,1
24816188,1
30891,1
amenworld,1
grafex,1
infoweb,1
mxlinux,1
ntokymo,1
okym,1
ppp,1
wpc,1
wwcidawgmcln,1
yommc,1
medic,1
medicaid,1
pamphlet,1
pamplet,1
scriptless,1
twilight,1
fallow,1
karin,1
375,1
boon,1
cer,1
coliform,1
dazzl,1
dialect,1
johns,1
profund,1
sawf,1
uooirdym,1
fortitud,1
hee,1
bett,1
bobc,1
catalys,1
christy,1
comprad,1
diaton,1
galv,1
intox,1
melinit,1
niin,1
oilpl,1
sparkl,1
tarrock,1
frontend,1
uneduc,1
dbdbkewi,1
1827,1
vietnam,1
warit,1
0603,1
tivo,1
tvpredictions,1
adjac,1
bak,1
bhi,1
conoco,1
erhc,1
exxon,1
hugh,1
marathon,1
philip,1
resultin,1
schlumberger,1
seism,1
slb,1
sucha,1
texaco,1
alp,1
compass,1
despoil,1
grundy,1
homophon,1
splash,1
upheav,1
bjefladghikm,1
capitalspread,1
denham,1
fontcol,1
indent,1
mdaemon,1
req,1
spamcop,1
surbl,1
hulkjr,1
playground,1
snoop,1
airworthy,1
armshop,1
cell,1
convey,1
counterblow,1
fied,1
gossam,1
hurdl,1
lengthy,1
overlaid,1
overween,1
psycholog,1
saddlebow,1
saddlefast,1
snaggy,1
surcingl,1
evil,1
cak,1
dietspec,1
ephedr,1
geez,1
hoc,1
iml,1
lipotrop,1
metabol,1
pizz,1
poc,1
ric,1
antarct,1
bypa,1
chiasm,1
costless,1
essful,1
multifold,1
neighbo,1
streamy,1
unproc,1
velvet,1
aceutica,1
autoc,1
blockad,1
chitterl,1
condens,1
congou,1
decapit,1
dendriform,1
dimorph,1
exposit,1
freemason,1
importun,1
lact,1
fallback,1
latin,1
botoxforless,1
britney,1
bundch,1
cream,1
dlelivery,1
gisel,1
kidm,1
nicol,1
spear,1
stokc,1
fargo,1
sipc,1
helvetic,1
tagboard,1
prank,1
ukprankcal,1
avac,1
beck,1
blouss,1
bracelet,1
cyberson,1
hos,1
juicem,1
orthot,1
shark,1
simmon,1
toothbrush,1
90301,1
9600,1
ciencneg,1
inglewood,1
chix,1
froggyhost,1
235,1
0775,1
pda,1
andscap,1
cai,1
fu,1
ool,1
rapidiy,1
smaliest,1
ereksononlin,1
baffl,1
majesty,1
painless,1
bxjqlhgh,1
230088,1
anh,1
anhu,1
candl,1
chim,1
guofeng,1
hefe,1
lamp,1
suncatch,1
tian,1
zheng,1
zhi,1
zhongxun,1
1201,1
661,1
hvli,1
pjwll,1
cutey,1
ju,1
ownedboon,1
tty,1
hangout,1
lastmansit,1
mariah,1
abattoir,1
banquet,1
damn,1
dlcations,1
drench,1
furt,1
gainsaid,1
gallipot,1
hippy,1
irrevers,1
jessamin,1
neee,1
outs,1
seacalf,1
snath,1
subarct,1
tunnel,1
unhand,1
usury,1
impairedriskterm,1
tonight,1
08053,1
6100,1
983,1
atwww,1
bliss,1
bob,1
easyonlin,1
fororg,1
helpyou,1
intro,1
marlton,1
mpdirect,1
offerhigh,1
rmay,1
stow,1
striving,1
sweepstak,1
treesby,1
iztar,1
kinj,1
1825,1
1894,1
penal,1
raid,1
tomb,1
0006,1
09360200,1
146,1
deb,1
gu,1
markenwein,1
1918,1
912,1
bqhx,1
cjwr,1
cpamo,1
ymjg,1
oilandgaspack,1
oilandgasremov,1
tgym,1
businessweek,1
chinawtc,1
newswir,1
pennystock,1
recomendaton,1
squezz,1
00193,1
immigr,1
visa,1
1302,1
1341,1
18048,1
1971,1
27104,1
3005,1
33345,1
436,1
451971,1
60618,1
71,1
771661,1
backpack,1
bandwid,1
benea,1
bik,1
boland,1
bury,1
castletown,1
chernick,1
closet,1
congest,1
directon,1
drov,1
eisem,1
foil,1
gm,1
headlin,1
heck,1
jonestown,1
laundry,1
megabuck,1
neat,1
samon,1
skateboard,1
stash,1
sunr,1
vie,1
webserv,1
webtransit,1
xyx,1
mcclure,1
453,1
913,1
abf,1
bebf,1
bigaaron,1
clf,1
completet,1
dda,1
ddd,1
fbfb,1
fgh,1
graf,1
iar,1
indispens,1
ling,1
popu,1
pricel,1
quent,1
registerd,1
wccd,1
wf,1
0738,1
775,1
andposs,1
awak,1
recharg,1
undeny,1
548,1
aro,1
donaj,1
metairy,1
teporoch,1
108,1
233,1
24815476,1
lochnessclansm,1
oe,1
stayatloch,1
vq,1
fmo,1
peer,1
structures,1
ash,1
storm,1
0005,1
09360592,1
398,1
altair,1
ian,1
ldupou,1
qz,1
autorout,1
jetlow,1
003399,1
jewelry,1
px,1
1848025,1
80686,1
cradl,1
quiet,1
sung,1
unsettl,1
ardu,1
commissionair,1
cutglass,1
dissocy,1
flesh,1
gunnery,1
iion,1
mii,1
onomatopoe,1
orrery,1
progenit,1
scont,1
synchron,1
unpolit,1
iliust,1
aiumin,1
beneficiay,1
foilow,1
foliow,1
meta,1
principy,1
0602,1
anfg,1
ekg,1
iswl,1
1054,1
202885,1
60763006,1
78720,1
austin,1
customerserv,1
unsub,1
28940,1
qm,1
cordless,1
datelin,1
recepiton,1
sing,1
thin,1
calmatig,1
coheir,1
curvet,1
disconsol,1
drou,1
eyew,1
fash,1
froz,1
impov,1
intraocul,1
pharmzmail,1
plumos,1
requit,1
shalloon,1
shandryd,1
sjambok,1
synopt,1
unnumb,1
ustom,1
zaid,1
solitud,1
bloom,1
deu,1
0923,1
740,1
sqlcare,1
acoh,1
largestitemssup,1
addr,1
iwil,1
katamail,1
saundry,1
spartanburg,1
willcompens,1
rosey,1
295,1
495,1
514,1
6416,1
665,1
720,1
890,1
930,1
97501,1
anvil,1
argentin,1
arth,1
bc,1
beaudoin,1
beckley,1
blak,1
boston,1
cashy,1
cattiesint,1
commtom,1
cupertino,1
dej,1
flonetwork,1
gallagh,1
gonzalez,1
gunnison,1
handbook,1
imt,1
ingersol,1
lopez,1
medford,1
melvil,1
nim,1
pobox,1
postmark,1
pst,1
revnet,1
softwindow,1
tham,1
toronto,1
tucson,1
vancouv,1
virtualpc,1
weekday,1
1946,1
dbs,1
bv,1
dany,1
hermin,1
936,1
agnom,1
anth,1
aur,1
bant,1
bing,1
bushnel,1
chig,1
vldeos,1
armonlin,1
batat,1
chanson,1
disinclin,1
fet,1
friendless,1
kingston,1
peatmoss,1
spheral,1
stricken,1
triang,1
whereof,1
your,1
abiy,1
influent,1
tet,1
usenet,1
weird,1
253,1
scrub,1
scrubby,1
scrubtheweb,1
stw,1
bestd,1
cholesterol,1
gentl,1
glow,1
gvj,1
ich,1
inconst,1
manuscrib,1
newworldto,1
oid,1
overcom,1
rxmedications,1
enginel,1
findyo,1
itfound,1
notb,1
thepow,1
wouldamaz,1
youlos,1
neon,1
setupmefr,1
3701,1
4315,1
5997,1
726,1
98216,1
dual,1
hep,1
intak,1
melt,1
micron,1
moist,1
partic,1
techonlin,1
seizec,1
32053,1
antivirus?ffff,1
cleansweep?ffff,1
council,1
ghost?ffff,1
goback?ffffae,1
ieac,1
protec,1
symantecsystemwork,1
utilities?ffff,1
winfax?ffff,1
16102,1
1964,1
1985,1
2600,1
5279421,1
6200600,1
bresil,1
creol,1
creoleart,1
edra,1
emil,1
florest,1
gallery,1
henr,1
jamaic,1
jeremy,1
louisi,1
preview,1
3695,1
5914,1
dbzmail,1
ehprsawv,1
lel,1
maam,1
aquari,1
bodiless,1
concresc,1
penit,1
quadriga,1
rready,1
unsp,1
votaress,1
7059,1
70590202251232,1
fjt,1
grownup,1
kpn,1
msexch,1
mtpi,1
mts,1
ptt,1
tfi,1
33130,1
stink,1
wildest,1
flhdzgxo,1
throw,1
bouncehost,1
ah,1
eduardo,1
itch,1
ped,1
llian,1
attemptstarget,1
fulton,1
nearest,1
pleasefollow,1
safeguard,1
absurd,1
certainty,1
fda,1
offend,1
bermooth,1
vex,1
111,1
346,1
428,1
762,1
9548,1
cheappesst,1
icca,1
uclcyhsfvposuw,1
0920,1
1994,1
246,1
418,1
accustom,1
affin,1
asgard,1
barbado,1
bogl,1
chriss,1
church,1
davy,1
debit,1
eld,1
highland,1
hsa,1
infragard,1
interst,1
isnbank,1
ivr,1
lookout,1
loyal,1
mainfram,1
mex,1
myday,1
notch,1
onboard,1
payday,1
prepaid,1
proact,1
recovery,1
rees,1
reverb,1
rlyc,1
rylc,1
sba,1
securetechnolog,1
storefront,1
streets,1
teleb,1
underdevelop,1
upstart,1
antonioacm,1
zipmail,1
adqueen,1
kvmdoor,1
atroc,1
desult,1
exh,1
gingery,1
picket,1
planetstruck,1
prof,1
purit,1
radioloc,1
selfr,1
sled,1
stifl,1
viagrr,1
wambl,1
467,1
5945,1
8670,1
cocw,1
cucn,1
ndsz,1
audiotap,1
worksit,1
astragal,1
blushfool,1
bulldoz,1
centigram,1
dext,1
foreknow,1
frowsy,1
grindery,1
halv,1
magnetron,1
meteorograph,1
nfidentiay,1
picturebook,1
selfcontain,1
sententy,1
testatrix,1
charm,1
hitfsopxs,1
socagefh,1
sshs,1
ug,1
30314,1
hasn,1
mailcomesandgo,1
wak,1
davin,1
eek,1
evolv,1
incredimail,1
rting,1
ta,1
kenethmckenzy,1
carton,1
hywwzzlzd,1
nowh,1
marciewar,1
jacindamaddox,1
175,1
515,1
896,1
cardsoreduc,1
consolidationhom,1
deductionhom,1
dti,1
hereon,1
improvementopaint,1
improvementsecond,1
lendersc,1
loansrefinancedebt,1
mortgagefkzqeljhyno,1
oget,1
opay,1
paymentshom,1
refinancingoreduc,1
sno,1
spaoyou,1
termsdebt,1
verificationno,1
welik,1
0702,1
402,1
9002,1
996,1
telemark,1
uio,1
madm,1
ahotsexycoupl,1
azcpl,1
cand,1
lei,1
shy,1
sui,1
autorespond,1
beperm,1
freemlmlead,1
2312,1
bril,1
lias,1
usdl,1
kaiiafox,1
woe,1
corusc,1
countermin,1
cribriform,1
iceblink,1
lansquenet,1
laught,1
necrolog,1
oviform,1
peev,1
rmzmail,1
slick,1
0002,1
118,1
38191009,1
399,1
822,1
93914,1
compusep,1
distltmich,1
dnsix,1
globalhost,1
rfc,1
supress,1
ud,1
uo,1
qprkelmv,1
refln,1
8023137978,1
ajaokut,1
attitud,1
hamz,1
mariam,1
ompadec,1
payback,1
vault,1
zenab,1
zzn,1
aracelishammond,1
arithmet,1
beforehand,1
catena,1
crocodil,1
fca,1
headchees,1
messroom,1
parter,1
pretern,1
roadst,1
seadog,1
sesterc,1
wheatston,1
238,1
74206,1
vkp,1
338,1
5110,1
8090,1
8102,1
91706,1
azus,1
canyon,1
goldengraphix,1
graphix,1
irwind,1
ramsey,1
chast,1
ci,1
cringl,1
feverfew,1
gest,1
humid,1
pluviomet,1
semiconscy,1
shriek,1
stteel,1
superflu,1
wakeless,1
warbl,1
4210,1
6674,1
outlay,1
rickbellr,1
blackleg,1
chamf,1
coachh,1
coron,1
furios,1
great,1
haycock,1
moonbeam,1
pandemon,1
phonet,1
rhomboid,1
confirmyo,1
southtrust,1
9000,1
ccd,1
cctvcameras,1
cmo,1
dom,1
enquir,1
ftp,1
pppoe,1
sauc,1
tok,1
usenam,1
yhdo,1
odzzfzzq,1
23875,1
392,1
602,1
8288,1
postm,1
publicservicel,1
stumbl,1
threatening,1
1846,1
2013,1
75007,1
bma,1
captech,1
ctfg,1
ctfgs,1
escrow,1
firstcal,1
horowitz,1
lighth,1
nst,1
pkwy,1
quickst,1
robust,1
rollout,1
rosemead,1
snapshot,1
wachov,1
09360701,1
bw,1
fc,1
ldupqo,1
prejud,1
catastroph,1
elev,1
grisham,1
newby,1
nineteen,1
12000,1
33181,1
607,1
biscayn,1
effortless,1
28217,1
38190522,1
bayare,1
cpug,1
kumin,1
maxmusclesf,1
badg,1
feast,1
nobl,1
022,1
aquilino,1
gs,1
simonnemay,1
724,1
superev,1
dying,1
obey,1
whoev,1
shackleton,1
1093,1
anselm,1
autocr,1
bellin,1
cogn,1
componentry,1
cranky,1
dunham,1
everym,1
hindmost,1
keen,1
sciatic,1
streaming,1
streetcar,1
wedg,1
zig,1
findgoodstuffh,1
fluid,1
293622,1
alvin,1
clap,1
dastard,1
fillm,1
gegenscheinhttp,1
thorntonnk,1
lyndsey,1
erny,1
excus,1
mywebdesignportfo,1
1580,1
17600,1
25031,1
2260,1
2573,1
4970,1
5260,1
6864,1
8466,1
9419,1
alegr,1
aluguel,1
assim,1
batizado,1
boda,1
bolo,1
brunch,1
casamento,1
ch?caras,1
chopeiro,1
churrasco,1
churrasqueiro,1
cocktail,1
contrata??o,1
conven??es,1
copeiro,1
cozinheiro,1
desej,1
doc,1
empresariamento,1
encomenda,1
esclarecimento,1
estado,1
evento,1
faz,1
fazemo,1
fazenda,1
feira,1
freelancerevento,1
frio,1
fritad,1
gar?on,1
globo,1
inesquec?vel,1
inscrit,1
lant,1
momento,1
outro,1
praz,1
profiss,1
profissiona,1
promo??o,1
qualqu,1
queijo,1
recepcionist,1
rio,1
s?tios,1
salgado,1
seguran?a,1
servi?o,1
sicaf,1
temo,1
vinho,1
2195,1
575,1
6824,1
749,1
791,1
8521,1
95259,1
compor,1
daemon,1
dhy,1
direcpc,1
direcway,1
dnsolpaypal,1
hotfix,1
iplanet,1
jem,1
mailo,1
mtao,1
plrk,1
qllo,1
smtpd,1
smtpsvc,1
suon,1
edweb,1
2737,1
90012,1
calendarl,1
careerbuild,1
dvert,1
latim,1
unreg,1
5182,1
herem,1
hourhelp,1
27724263169,1
aros,1
demur,1
foresaw,1
lesotho,1
loom,1
mariadacost,1
mob,1
operand,1
saddl,1
swaziland,1
thug,1
veh,1
comw,1
muhajabah,1
wtc,1
bellow,1
fpa,1
reinst,1
oa,1
179,1
24815602,1
cpanel,1
eunet,1
kg,1
ldupnr,1
woks,1
0300,1
wed,1
eav,1
ecord,1
fortuneless,1
homeless,1
nonsens,1
overm,1
scrambling,1
transy,1
kanz,1
gperk,1
netspac,1
relayl,1
barkpit,1
bowleg,1
calip,1
chinatown,1
ironfal,1
isoscel,1
philt,1
pralin,1
quadragesim,1
syntax,1
youu,1
nastiest,1
stickiest,1
wad,1
380,1
510,1
875,1
airpl,1
duracel,1
energ,1
happend,1
helicopt,1
hz,1
indo,1
lux,1
outdo,1
pinhol,1
plug,1
spy,1
vcr,1
volt,1
zoo,1
468,1
563,1
unscrib,1
carson,1
0308,1
443,1
4650,1
75205,1
coat,1
expo,1
postcard,1
tsa,1
uv,1
wiley,1
wileyprint,1
ppo,1
avontuurts,1
dit,1
hebt,1
hier,1
kan,1
kdotv,1
klik,1
lez,1
omd,1
schrijven,1
smsmag,1
uit,1
00971,1
2443308,1
kevin,1
lum,1
megasit,1
42108,1
45242,1
cincinnat,1
stopsendingresum,1
jif,1
0900,1
1949,1
1958,1
3949,1
770,1
908,1
adp,1
asci,1
beenth,1
devcon,1
hagu,1
nightclub,1
osdntextlink,1
sourceforg,1
sprint,1
sprintpcs,1
insec,1
simplythankyou,1
0080,1
adher,1
aircraft,1
ao,1
apparel,1
bdf,1
circuit,1
emgmt,1
fabaclbo,1
fg,1
guild,1
nextpart,1
outgo,1
snack,1
svcs,1
usacanad,1
aboveground,1
adposit,1
alterm,1
broomcorn,1
calliop,1
cartil,1
cdz,1
cjt,1
combat,1
decr,1
doo,1
edgy,1
extrovert,1
ggv,1
hj,1
izx,1
kwx,1
loqu,1
mol,1
mya,1
nan,1
ottaw,1
pgs,1
riddl,1
snow,1
tng,1
vm,1
wq,1
xi,1
xr,1
zgc,1
zt,1
birthday,1
halloween,1
hanukkah,1
hashan,1
passov,1
rosh,1
valentin,1
189643322211,1
84221111000,1
24815692,1
68912,1
itresult,1
startlog,1
stl,1
vdel,1
actin,1
auxy,1
conflu,1
connoiss,1
deliquesc,1
flexil,1
nause,1
outspeak,1
pecksniff,1
ponderos,1
pothol,1
semem,1
analect,1
calumny,1
countr,1
disrespect,1
encephalit,1
laby,1
maillot,1
purchasingpow,1
resist,1
stockjobbery,1
bro,1
clothingpl,1
fi,1
03302,1
etin,1
fiat,1
slight,1
unbias,1
lendingxid,1
morph,1
